video,roundId,starttime,endtime,won,place,kills,playtime,tracefile,map_ui_position/scale,Unnamed: 10
/home/itec/philipp/nobackup/fn-new-videos/WhyShadyy/20191130_-bUCRsoPcUG4I0gtbrLubw_1575093586.mp4,1,00:06:27,00:09:17,0,100,0,00:02:50,round-20191130_-bUCRsoPcUG4I0gtbrLubw_1575093586_1.csv,(1532x13)(1818x299),1.437
/home/itec/philipp/nobackup/fn-new-videos/XDSmil3yTTV/20191208_XUdCGXNaXkKzfMExAHbcSw_1575790814.mp4,1,00:07:09,00:07:41,0,100,0,00:00:32,round-20191208_XUdCGXNaXkKzfMExAHbcSw_1575790814_1.csv,(1528x50)(1814x336),1.007
/home/itec/philipp/nobackup/fn-new-videos/WhyShadyy/20191203_SrWj6SkIyEKS0npx7rBerQ_1575354205.mp4,1,00:04:48,00:11:52,0,100,0,00:07:04,round-20191203_SrWj6SkIyEKS0npx7rBerQ_1575354205_1.csv,(1532x13)(1818x299),1.437
/home/itec/philipp/nobackup/fn-new-videos/WhyShadyy/20191203_SrWj6SkIyEKS0npx7rBerQ_1575354205.mp4,2,00:13:50,00:16:00,0,100,0,00:02:10,round-20191203_SrWj6SkIyEKS0npx7rBerQ_1575354205_2.csv,(1532x13)(1818x299),1.437
/home/itec/philipp/nobackup/fn-new-videos/WhyShadyy/20191130_-bUCRsoPcUG4I0gtbrLubw_1575093586.mp4,2,00:11:09,00:19:29,0,100,0,00:08:20,round-20191130_-bUCRsoPcUG4I0gtbrLubw_1575093586_2.csv,(1532x13)(1818x299),1.437
/home/itec/philipp/nobackup/fn-new-videos/WhyShadyy/20191203_SrWj6SkIyEKS0npx7rBerQ_1575354205.mp4,3,00:17:51,00:23:04,0,100,0,00:05:13,round-20191203_SrWj6SkIyEKS0npx7rBerQ_1575354205_3.csv,(1532x13)(1818x299),1.437
/home/itec/philipp/nobackup/fn-new-videos/XDSmil3yTTV/20191130_i31zW3L7REa7YoZBR_UrjA_1575143930.mp4,1,00:31:04,00:34:33,0,100,0,00:03:29,round-20191130_i31zW3L7REa7YoZBR_UrjA_1575143930_1.csv,(1522x50)(1808x336),1.004
/home/itec/philipp/nobackup/fn-new-videos/WhyShadyy/20191129_XgMG9HQeYkSUy2ILC1KFOA_1575032217.mp4,1,00:05:43,00:21:01,0,100,0,00:15:18,round-20191129_XgMG9HQeYkSUy2ILC1KFOA_1575032217_1.csv,(1523x13)(1809x299),1.43
/home/itec/philipp/nobackup/fn-new-videos/XDSmil3yTTV/20191208_XUdCGXNaXkKzfMExAHbcSw_1575790814.mp4,2,00:09:17,00:26:43,0,100,0,00:17:26,round-20191208_XUdCGXNaXkKzfMExAHbcSw_1575790814_2.csv,(1528x50)(1814x336),1.007
/home/itec/philipp/nobackup/fn-new-videos/WhyShadyy/20191201_ZF3aJ6Xw_U61YTP6SeAhHQ_1575197867.mp4,1,00:26:25,00:42:48,0,100,0,00:16:23,round-20191201_ZF3aJ6Xw_U61YTP6SeAhHQ_1575197867_1.csv,(1524x13)(1810x299),1.43
/home/itec/philipp/nobackup/fn-new-videos/WhyShadyy/20191201_ZF3aJ6Xw_U61YTP6SeAhHQ_1575197867.mp4,2,00:45:17,00:46:38,0,100,0,00:01:21,round-20191201_ZF3aJ6Xw_U61YTP6SeAhHQ_1575197867_2.csv,(1524x13)(1810x299),1.43
/home/itec/philipp/nobackup/fn-new-videos/WhyShadyy/20191201_ZF3aJ6Xw_U61YTP6SeAhHQ_1575197867.mp4,3,00:49:14,00:52:29,0,100,0,00:03:15,round-20191201_ZF3aJ6Xw_U61YTP6SeAhHQ_1575197867_3.csv,(1524x13)(1810x299),1.43
/home/itec/philipp/nobackup/fn-new-videos/XDSmil3yTTV/20191208_XUdCGXNaXkKzfMExAHbcSw_1575790814.mp4,3,00:28:27,00:43:01,0,100,0,00:14:34,round-20191208_XUdCGXNaXkKzfMExAHbcSw_1575790814_3.csv,(1528x50)(1814x336),1.007
/home/itec/philipp/nobackup/fn-new-videos/WhyShadyy/20191201_ZF3aJ6Xw_U61YTP6SeAhHQ_1575197867.mp4,4,00:54:06,00:56:33,0,100,0,00:02:27,round-20191201_ZF3aJ6Xw_U61YTP6SeAhHQ_1575197867_4.csv,(1524x13)(1810x299),1.43
/home/itec/philipp/nobackup/fn-new-videos/XDSmil3yTTV/20191130_i31zW3L7REa7YoZBR_UrjA_1575143930.mp4,2,00:39:06,00:51:52,0,100,0,00:12:46,round-20191130_i31zW3L7REa7YoZBR_UrjA_1575143930_2.csv,(1522x50)(1808x336),1.004
/home/itec/philipp/nobackup/fn-new-videos/WhyShadyy/20191201_ZF3aJ6Xw_U61YTP6SeAhHQ_1575197867.mp4,5,00:58:12,01:00:38,0,100,0,00:02:26,round-20191201_ZF3aJ6Xw_U61YTP6SeAhHQ_1575197867_5.csv,(1524x13)(1810x299),1.43
/home/itec/philipp/nobackup/fn-new-videos/XDSmil3yTTV/20191130_i31zW3L7REa7YoZBR_UrjA_1575143930.mp4,3,00:56:49,01:01:55,0,100,0,00:05:06,round-20191130_i31zW3L7REa7YoZBR_UrjA_1575143930_3.csv,(1522x50)(1808x336),1.004
/home/itec/philipp/nobackup/fn-new-videos/WhyShadyy/20191130_-bUCRsoPcUG4I0gtbrLubw_1575093586.mp4,3,00:21:16,00:41:49,0,100,0,00:20:33,round-20191130_-bUCRsoPcUG4I0gtbrLubw_1575093586_3.csv,(1532x13)(1818x299),1.437
/home/itec/philipp/nobackup/fn-new-videos/XDSmil3yTTV/20191130_i31zW3L7REa7YoZBR_UrjA_1575143930.mp4,4,01:04:02,01:06:32,0,100,0,00:02:30,round-20191130_i31zW3L7REa7YoZBR_UrjA_1575143930_4.csv,(1522x50)(1808x336),1.004
/home/itec/philipp/nobackup/fn-new-videos/XDSmil3yTTV/20191208_XUdCGXNaXkKzfMExAHbcSw_1575790814.mp4,4,00:44:42,00:57:30,0,100,0,00:12:48,round-20191208_XUdCGXNaXkKzfMExAHbcSw_1575790814_4.csv,(1528x50)(1814x336),1.007
/home/itec/philipp/nobackup/fn-new-videos/WhyShadyy/20191129_XgMG9HQeYkSUy2ILC1KFOA_1575032217.mp4,2,00:23:42,00:44:27,0,100,0,00:20:45,round-20191129_XgMG9HQeYkSUy2ILC1KFOA_1575032217_2.csv,(1523x13)(1809x299),1.43
/home/itec/philipp/nobackup/fn-new-videos/XDSmil3yTTV/20191208_XUdCGXNaXkKzfMExAHbcSw_1575790814.mp4,5,00:59:26,01:01:14,0,100,0,00:01:48,round-20191208_XUdCGXNaXkKzfMExAHbcSw_1575790814_5.csv,(1528x50)(1814x336),1.007
/home/itec/philipp/nobackup/fn-new-videos/XDSmil3yTTV/20191130_i31zW3L7REa7YoZBR_UrjA_1575143930.mp4,5,01:08:47,01:12:36,0,100,0,00:03:49,round-20191130_i31zW3L7REa7YoZBR_UrjA_1575143930_5.csv,(1522x50)(1808x336),1.004
/home/itec/philipp/nobackup/fn-new-videos/WhyShadyy/20191203_SrWj6SkIyEKS0npx7rBerQ_1575354205.mp4,5,00:58:44,01:02:51,0,100,0,00:04:07,round-20191203_SrWj6SkIyEKS0npx7rBerQ_1575354205_5.csv,(1532x13)(1818x299),1.437
/home/itec/philipp/nobackup/fn-new-videos/WhyShadyy/20191129_XgMG9HQeYkSUy2ILC1KFOA_1575032217.mp4,3,00:48:51,00:57:33,0,100,0,00:08:42,round-20191129_XgMG9HQeYkSUy2ILC1KFOA_1575032217_3.csv,(1523x13)(1809x299),1.43
/home/itec/philipp/nobackup/fn-new-videos/XDSmil3yTTV/20191201_UPmwdjADQ0G49ksvaKT1LQ_1575171464.mp4,1,01:08:29,01:17:59,0,100,0,00:09:30,round-20191201_UPmwdjADQ0G49ksvaKT1LQ_1575171464_1.csv,(1522x50)(1808x336),1.004
/home/itec/philipp/nobackup/fn-new-videos/XDSmil3yTTV/20191130_i31zW3L7REa7YoZBR_UrjA_1575143930.mp4,6,01:15:49,01:24:45,0,100,0,00:08:56,round-20191130_i31zW3L7REa7YoZBR_UrjA_1575143930_6.csv,(1522x50)(1808x336),1.004
/home/itec/philipp/nobackup/fn-new-videos/WhyShadyy/20191201_ZF3aJ6Xw_U61YTP6SeAhHQ_1575197867.mp4,6,01:02:26,01:22:48,0,100,0,00:20:22,round-20191201_ZF3aJ6Xw_U61YTP6SeAhHQ_1575197867_6.csv,(1524x13)(1810x299),1.43
/home/itec/philipp/nobackup/fn-new-videos/XDSmil3yTTV/20191130_i31zW3L7REa7YoZBR_UrjA_1575143930.mp4,7,01:27:05,01:29:55,0,100,0,00:02:50,round-20191130_i31zW3L7REa7YoZBR_UrjA_1575143930_7.csv,(1522x50)(1808x336),1.004
/home/itec/philipp/nobackup/fn-new-videos/WhyShadyy/20191130_-bUCRsoPcUG4I0gtbrLubw_1575093586.mp4,4,00:51:05,01:11:06,0,100,0,00:20:01,round-20191130_-bUCRsoPcUG4I0gtbrLubw_1575093586_4.csv,(1532x13)(1818x299),1.437
/home/itec/philipp/nobackup/fn-new-videos/WhyShadyy/20191129_XgMG9HQeYkSUy2ILC1KFOA_1575032217.mp4,4,01:06:28,01:16:08,0,100,0,00:09:40,round-20191129_XgMG9HQeYkSUy2ILC1KFOA_1575032217_4.csv,(1523x13)(1809x299),1.43
/home/itec/philipp/nobackup/fn-new-videos/XDSmil3yTTV/20191208_XUdCGXNaXkKzfMExAHbcSw_1575790814.mp4,6,01:03:01,01:23:52,0,100,0,00:20:51,round-20191208_XUdCGXNaXkKzfMExAHbcSw_1575790814_6.csv,(1528x50)(1814x336),1.007
/home/itec/philipp/nobackup/fn-new-videos/WhyShadyy/20191203_SrWj6SkIyEKS0npx7rBerQ_1575354205.mp4,6,01:46:52,01:58:49,0,100,0,00:11:57,round-20191203_SrWj6SkIyEKS0npx7rBerQ_1575354205_6.csv,(1532x13)(1818x299),1.437
/home/itec/philipp/nobackup/fn-new-videos/WhyShadyy/20191129_XgMG9HQeYkSUy2ILC1KFOA_1575032217.mp4,5,01:24:10,01:28:55,0,100,0,00:04:45,round-20191129_XgMG9HQeYkSUy2ILC1KFOA_1575032217_5.csv,(1523x13)(1809x299),1.43
/home/itec/philipp/nobackup/fn-new-videos/WhyShadyy/20191201_ZF3aJ6Xw_U61YTP6SeAhHQ_1575197867.mp4,7,01:39:58,01:50:16,0,100,0,00:10:18,round-20191201_ZF3aJ6Xw_U61YTP6SeAhHQ_1575197867_7.csv,(1524x13)(1810x299),1.43
/home/itec/philipp/nobackup/fn-new-videos/XDSmil3yTTV/20191201_UPmwdjADQ0G49ksvaKT1LQ_1575171464.mp4,3,01:39:52,01:45:02,0,100,0,00:05:10,round-20191201_UPmwdjADQ0G49ksvaKT1LQ_1575171464_3.csv,(1522x50)(1808x336),1.004
/home/itec/philipp/nobackup/fn-new-videos/WhyShadyy/20191201_ZF3aJ6Xw_U61YTP6SeAhHQ_1575197867.mp4,8,02:03:30,02:08:19,0,100,0,00:04:49,round-20191201_ZF3aJ6Xw_U61YTP6SeAhHQ_1575197867_8.csv,(1524x13)(1810x299),1.43
/home/itec/philipp/nobackup/fn-new-videos/StaySteezzy/20191204_vCjAoICgek6ZPNuYT2urug_1575430095.mp4,1,00:13:27,00:24:10,0,100,0,00:10:43,round-20191204_vCjAoICgek6ZPNuYT2urug_1575430095_1.csv,(1519x11)(1805x297),0.95
/home/itec/philipp/nobackup/fn-new-videos/XDSmil3yTTV/20191208_XUdCGXNaXkKzfMExAHbcSw_1575790814.mp4,7,01:26:48,01:44:21,0,100,0,00:17:33,round-20191208_XUdCGXNaXkKzfMExAHbcSw_1575790814_7.csv,(1528x50)(1814x336),1.007
/home/itec/philipp/nobackup/fn-new-videos/WhyShadyy/20191130_-bUCRsoPcUG4I0gtbrLubw_1575093586.mp4,5,01:13:38,01:34:01,0,100,0,00:20:23,round-20191130_-bUCRsoPcUG4I0gtbrLubw_1575093586_5.csv,(1532x13)(1818x299),1.437
/home/itec/philipp/nobackup/fn-new-videos/WhyShadyy/20191201_ZF3aJ6Xw_U61YTP6SeAhHQ_1575197867.mp4,9,02:10:34,02:23:18,0,100,0,00:12:44,round-20191201_ZF3aJ6Xw_U61YTP6SeAhHQ_1575197867_9.csv,(1524x13)(1810x299),1.43
/home/itec/philipp/nobackup/fn-new-videos/WhyShadyy/20191203_SrWj6SkIyEKS0npx7rBerQ_1575354205.mp4,7,02:04:20,02:23:16,0,100,0,00:18:56,round-20191203_SrWj6SkIyEKS0npx7rBerQ_1575354205_7.csv,(1532x13)(1818x299),1.437
/home/itec/philipp/nobackup/fn-new-videos/WhyShadyy/20191130_-bUCRsoPcUG4I0gtbrLubw_1575093586.mp4,6,01:36:04,01:40:22,0,100,0,00:04:18,round-20191130_-bUCRsoPcUG4I0gtbrLubw_1575093586_6.csv,(1532x13)(1818x299),1.437
/home/itec/philipp/nobackup/fn-new-videos/WhyShadyy/20191201_ZF3aJ6Xw_U61YTP6SeAhHQ_1575197867.mp4,10,02:25:29,02:32:03,0,100,0,00:06:34,round-20191201_ZF3aJ6Xw_U61YTP6SeAhHQ_1575197867_10.csv,(1524x13)(1810x299),1.43
/home/itec/philipp/nobackup/fn-new-videos/StaySteezzy/20191204_vCjAoICgek6ZPNuYT2urug_1575430095.mp4,2,00:26:40,00:41:40,0,100,0,00:15:00,round-20191204_vCjAoICgek6ZPNuYT2urug_1575430095_2.csv,(1519x11)(1805x297),0.95
/home/itec/philipp/nobackup/fn-new-videos/StaySteezzy/20191201_Dx2o5CTaSE6yJEWdMbMhZQ_1575177871.mp4,1,00:20:36,00:22:22,0,100,0,00:01:46,round-20191201_Dx2o5CTaSE6yJEWdMbMhZQ_1575177871_1.csv,(1519x11)(1805x297),0.95
/home/itec/philipp/nobackup/fn-new-videos/StaySteezzy/20191205_q6A3dSnQaEiKri4ff6piCw_1575505725.mp4,1,00:23:45,00:26:07,0,100,0,00:02:22,round-20191205_q6A3dSnQaEiKri4ff6piCw_1575505725_1.csv,(1520x11)(1806x297),0.95
/home/itec/philipp/nobackup/fn-new-videos/XDSmil3yTTV/20191208_XUdCGXNaXkKzfMExAHbcSw_1575790814.mp4,8,01:46:52,02:07:12,0,100,0,00:20:20,round-20191208_XUdCGXNaXkKzfMExAHbcSw_1575790814_8.csv,(1528x50)(1814x336),1.007
/home/itec/philipp/nobackup/fn-new-videos/StaySteezzy/20191201_Dx2o5CTaSE6yJEWdMbMhZQ_1575177871.mp4,2,00:24:38,00:25:58,0,100,0,00:01:20,round-20191201_Dx2o5CTaSE6yJEWdMbMhZQ_1575177871_2.csv,(1519x11)(1805x297),0.95
/home/itec/philipp/nobackup/fn-new-videos/StaySteezzy/20191205_q6A3dSnQaEiKri4ff6piCw_1575505725.mp4,2,00:27:56,00:29:41,0,100,0,00:01:45,round-20191205_q6A3dSnQaEiKri4ff6piCw_1575505725_2.csv,(1520x11)(1806x297),0.95
/home/itec/philipp/nobackup/fn-new-videos/StaySteezzy/20191211_GpvJrlPPWEqjiudkTbKdWA_1576031482.mp4,2,00:07:39,00:09:40,0,100,0,00:02:01,round-20191211_GpvJrlPPWEqjiudkTbKdWA_1576031482_2.csv,(1520x11)(1806x297),0.95
/home/itec/philipp/nobackup/fn-new-videos/StaySteezzy/20191203_LVGEo-cFCUadQHkAvIEpJA_1575346187.mp4,1,00:05:42,00:17:28,0,100,0,00:11:46,round-20191203_LVGEo-cFCUadQHkAvIEpJA_1575346187_1.csv,(1520x11)(1806x297),0.95
/home/itec/philipp/nobackup/fn-new-videos/StaySteezzy/20191205_q6A3dSnQaEiKri4ff6piCw_1575505725.mp4,3,00:31:58,00:34:49,0,100,0,00:02:51,round-20191205_q6A3dSnQaEiKri4ff6piCw_1575505725_3.csv,(1520x11)(1806x297),0.95
/home/itec/philipp/nobackup/fn-new-videos/StaySteezzy/20191201_Dx2o5CTaSE6yJEWdMbMhZQ_1575177871.mp4,3,00:27:39,00:32:12,0,100,0,00:04:33,round-20191201_Dx2o5CTaSE6yJEWdMbMhZQ_1575177871_3.csv,(1519x11)(1805x297),0.95
/home/itec/philipp/nobackup/fn-new-videos/XDSmil3yTTV/20191208_XUdCGXNaXkKzfMExAHbcSw_1575790814.mp4,9,02:09:56,02:21:16,0,100,0,00:11:20,round-20191208_XUdCGXNaXkKzfMExAHbcSw_1575790814_9.csv,(1528x50)(1814x336),1.007
/home/itec/philipp/nobackup/fn-new-videos/StaySteezzy/20191201_Dx2o5CTaSE6yJEWdMbMhZQ_1575177871.mp4,4,00:34:00,00:36:28,0,100,0,00:02:28,round-20191201_Dx2o5CTaSE6yJEWdMbMhZQ_1575177871_4.csv,(1519x11)(1805x297),0.95
/home/itec/philipp/nobackup/fn-new-videos/WhyShadyy/20191130_-bUCRsoPcUG4I0gtbrLubw_1575093586.mp4,7,01:43:37,02:02:46,0,100,0,00:19:09,round-20191130_-bUCRsoPcUG4I0gtbrLubw_1575093586_7.csv,(1532x13)(1818x299),1.437
/home/itec/philipp/nobackup/fn-new-videos/StaySteezzy/20191204_vCjAoICgek6ZPNuYT2urug_1575430095.mp4,3,00:43:15,00:56:10,0,100,0,00:12:55,round-20191204_vCjAoICgek6ZPNuYT2urug_1575430095_3.csv,(1519x11)(1805x297),0.95
/home/itec/philipp/nobackup/fn-new-videos/WhyShadyy/20191201_ZF3aJ6Xw_U61YTP6SeAhHQ_1575197867.mp4,11,02:34:02,02:55:12,0,100,0,00:21:10,round-20191201_ZF3aJ6Xw_U61YTP6SeAhHQ_1575197867_11.csv,(1524x13)(1810x299),1.43
/home/itec/philipp/nobackup/fn-new-videos/WhyShadyy/20191130_-bUCRsoPcUG4I0gtbrLubw_1575093586.mp4,8,02:07:27,02:11:15,0,100,0,00:03:48,round-20191130_-bUCRsoPcUG4I0gtbrLubw_1575093586_8.csv,(1532x13)(1818x299),1.437
/home/itec/philipp/nobackup/fn-new-videos/StaySteezzy/20191205_q6A3dSnQaEiKri4ff6piCw_1575505725.mp4,4,00:36:39,00:44:50,0,100,0,00:08:11,round-20191205_q6A3dSnQaEiKri4ff6piCw_1575505725_4.csv,(1520x11)(1806x297),0.95
/home/itec/philipp/nobackup/fn-new-videos/WhyShadyy/20191201_ZF3aJ6Xw_U61YTP6SeAhHQ_1575197867.mp4,12,02:58:03,03:01:00,0,100,0,00:02:57,round-20191201_ZF3aJ6Xw_U61YTP6SeAhHQ_1575197867_12.csv,(1524x13)(1810x299),1.43
/home/itec/philipp/nobackup/fn-new-videos/XDSmil3yTTV/20191208_XUdCGXNaXkKzfMExAHbcSw_1575790814.mp4,10,02:23:04,02:32:07,0,100,0,00:09:03,round-20191208_XUdCGXNaXkKzfMExAHbcSw_1575790814_10.csv,(1528x50)(1814x336),1.007
/home/itec/philipp/nobackup/fn-new-videos/StaySteezzy/20191207_c64HAc5DkkyHWQNqkjbELw_1575681043.mp4,1,00:11:32,00:32:38,0,100,0,00:21:06,round-20191207_c64HAc5DkkyHWQNqkjbELw_1575681043_1.csv,(1519x11)(1805x297),0.95
/home/itec/philipp/nobackup/fn-new-videos/WhyShadyy/20191201_ZF3aJ6Xw_U61YTP6SeAhHQ_1575197867.mp4,14,03:06:43,03:08:49,0,100,0,00:02:06,round-20191201_ZF3aJ6Xw_U61YTP6SeAhHQ_1575197867_14.csv,(1524x13)(1810x299),1.43
/home/itec/philipp/nobackup/fn-new-videos/StaySteezzy/20191201_Dx2o5CTaSE6yJEWdMbMhZQ_1575177871.mp4,6,00:43:31,00:48:08,0,100,0,00:04:37,round-20191201_Dx2o5CTaSE6yJEWdMbMhZQ_1575177871_6.csv,(1519x11)(1805x297),0.95
/home/itec/philipp/nobackup/fn-new-videos/WhyShadyy/20191129_XgMG9HQeYkSUy2ILC1KFOA_1575032217.mp4,7,02:02:22,02:23:14,0,100,0,00:20:52,round-20191129_XgMG9HQeYkSUy2ILC1KFOA_1575032217_7.csv,(1523x13)(1809x299),1.43
/home/itec/philipp/nobackup/fn-new-videos/StaySteezzy/20191203_LVGEo-cFCUadQHkAvIEpJA_1575346187.mp4,2,00:19:29,00:35:07,0,100,0,00:15:38,round-20191203_LVGEo-cFCUadQHkAvIEpJA_1575346187_2.csv,(1520x11)(1806x297),0.95
/home/itec/philipp/nobackup/fn-new-videos/StaySteezzy/20191201_Dx2o5CTaSE6yJEWdMbMhZQ_1575177871.mp4,7,00:49:43,00:51:02,0,100,0,00:01:19,round-20191201_Dx2o5CTaSE6yJEWdMbMhZQ_1575177871_7.csv,(1519x11)(1805x297),0.95
/home/itec/philipp/nobackup/fn-new-videos/StaySteezzy/20191211_GpvJrlPPWEqjiudkTbKdWA_1576031482.mp4,5,00:19:44,00:30:08,0,100,0,00:10:24,round-20191211_GpvJrlPPWEqjiudkTbKdWA_1576031482_5.csv,(1520x11)(1806x297),0.95
/home/itec/philipp/nobackup/fn-new-videos/StaySteezzy/20191203_LVGEo-cFCUadQHkAvIEpJA_1575346187.mp4,3,00:36:39,00:39:47,0,100,0,00:03:08,round-20191203_LVGEo-cFCUadQHkAvIEpJA_1575346187_3.csv,(1520x11)(1806x297),0.95
/home/itec/philipp/nobackup/fn-new-videos/StaySteezzy/20191201_Dx2o5CTaSE6yJEWdMbMhZQ_1575177871.mp4,8,00:54:56,00:56:32,0,100,0,00:01:36,round-20191201_Dx2o5CTaSE6yJEWdMbMhZQ_1575177871_8.csv,(1519x11)(1805x297),0.95
/home/itec/philipp/nobackup/fn-new-videos/StaySteezzy/20191207_c64HAc5DkkyHWQNqkjbELw_1575681043.mp4,2,00:34:34,00:44:41,0,100,0,00:10:07,round-20191207_c64HAc5DkkyHWQNqkjbELw_1575681043_2.csv,(1519x11)(1805x297),0.95
/home/itec/philipp/nobackup/fn-new-videos/StaySteezzy/20191203_LVGEo-cFCUadQHkAvIEpJA_1575346187.mp4,4,00:41:47,00:46:45,0,100,0,00:04:58,round-20191203_LVGEo-cFCUadQHkAvIEpJA_1575346187_4.csv,(1520x11)(1806x297),0.95
/home/itec/philipp/nobackup/fn-new-videos/WhyShadyy/20191130_-bUCRsoPcUG4I0gtbrLubw_1575093586.mp4,9,02:15:59,02:36:40,0,100,0,00:20:41,round-20191130_-bUCRsoPcUG4I0gtbrLubw_1575093586_9.csv,(1532x13)(1818x299),1.437
/home/itec/philipp/nobackup/fn-new-videos/StaySteezzy/20191207_c64HAc5DkkyHWQNqkjbELw_1575681043.mp4,3,00:50:28,00:54:27,0,100,0,00:03:59,round-20191207_c64HAc5DkkyHWQNqkjbELw_1575681043_3.csv,(1519x11)(1805x297),0.95
/home/itec/philipp/nobackup/fn-new-videos/StaySteezzy/20191204_vCjAoICgek6ZPNuYT2urug_1575430095.mp4,4,00:57:59,01:20:39,0,100,0,00:22:40,round-20191204_vCjAoICgek6ZPNuYT2urug_1575430095_4.csv,(1519x11)(1805x297),0.95
/home/itec/philipp/nobackup/fn-new-videos/StaySteezzy/20191207_c64HAc5DkkyHWQNqkjbELw_1575681043.mp4,4,00:56:47,01:00:06,0,100,0,00:03:19,round-20191207_c64HAc5DkkyHWQNqkjbELw_1575681043_4.csv,(1519x11)(1805x297),0.95
/home/itec/philipp/nobackup/fn-new-videos/WhyShadyy/20191201_ZF3aJ6Xw_U61YTP6SeAhHQ_1575197867.mp4,16,03:31:28,03:36:35,0,100,0,00:05:07,round-20191201_ZF3aJ6Xw_U61YTP6SeAhHQ_1575197867_16.csv,(1524x13)(1810x299),1.43
/home/itec/philipp/nobackup/fn-new-videos/WhyShadyy/20191201_ZF3aJ6Xw_U61YTP6SeAhHQ_1575197867.mp4,17,03:38:15,03:41:17,0,100,0,00:03:02,round-20191201_ZF3aJ6Xw_U61YTP6SeAhHQ_1575197867_17.csv,(1524x13)(1810x299),1.43
/home/itec/philipp/nobackup/fn-new-videos/StaySteezzy/20191208_NCi5U85apUaVZzVyXPIbLg_1575766275.mp4,2,00:15:06,00:31:45,0,100,0,00:16:39,round-20191208_NCi5U85apUaVZzVyXPIbLg_1575766275_2.csv,(1519x11)(1805x297),0.95
/home/itec/philipp/nobackup/fn-new-videos/StaySteezzy/20191205_q6A3dSnQaEiKri4ff6piCw_1575505725.mp4,6,01:10:58,01:12:27,0,100,0,00:01:29,round-20191205_q6A3dSnQaEiKri4ff6piCw_1575505725_6.csv,(1520x11)(1806x297),0.95
/home/itec/philipp/nobackup/fn-new-videos/StaySteezzy/20191201_Dx2o5CTaSE6yJEWdMbMhZQ_1575177871.mp4,9,00:58:26,01:14:17,0,100,0,00:15:51,round-20191201_Dx2o5CTaSE6yJEWdMbMhZQ_1575177871_9.csv,(1519x11)(1805x297),0.95
/home/itec/philipp/nobackup/fn-new-videos/WhyShadyy/20191201_ZF3aJ6Xw_U61YTP6SeAhHQ_1575197867.mp4,18,03:43:40,03:45:41,0,100,0,00:02:01,round-20191201_ZF3aJ6Xw_U61YTP6SeAhHQ_1575197867_18.csv,(1524x13)(1810x299),1.43
/home/itec/philipp/nobackup/fn-new-videos/StaySteezzy/20191203_LVGEo-cFCUadQHkAvIEpJA_1575346187.mp4,5,00:48:11,01:03:13,0,100,0,00:15:02,round-20191203_LVGEo-cFCUadQHkAvIEpJA_1575346187_5.csv,(1520x11)(1806x297),0.95
/home/itec/philipp/nobackup/fn-new-videos/WhyShadyy/20191201_ZF3aJ6Xw_U61YTP6SeAhHQ_1575197867.mp4,19,03:47:23,03:50:16,0,100,0,00:02:53,round-20191201_ZF3aJ6Xw_U61YTP6SeAhHQ_1575197867_19.csv,(1524x13)(1810x299),1.43
/home/itec/philipp/nobackup/fn-new-videos/StaySteezzy/20191201_Dx2o5CTaSE6yJEWdMbMhZQ_1575177871.mp4,10,01:17:52,01:20:24,0,100,0,00:02:32,round-20191201_Dx2o5CTaSE6yJEWdMbMhZQ_1575177871_10.csv,(1519x11)(1805x297),0.95
/home/itec/philipp/nobackup/fn-new-videos/StaySteezzy/20191211_GpvJrlPPWEqjiudkTbKdWA_1576031482.mp4,8,00:52:40,00:57:17,0,100,0,00:04:37,round-20191211_GpvJrlPPWEqjiudkTbKdWA_1576031482_8.csv,(1520x11)(1806x297),0.95
/home/itec/philipp/nobackup/fn-new-videos/WhyShadyy/20191130_-bUCRsoPcUG4I0gtbrLubw_1575093586.mp4,10,02:40:37,02:56:25,0,100,0,00:15:48,round-20191130_-bUCRsoPcUG4I0gtbrLubw_1575093586_10.csv,(1532x13)(1818x299),1.437
/home/itec/philipp/nobackup/fn-new-videos/StaySteezzy/20191207_c64HAc5DkkyHWQNqkjbELw_1575681043.mp4,5,01:01:57,01:11:16,0,100,0,00:09:19,round-20191207_c64HAc5DkkyHWQNqkjbELw_1575681043_5.csv,(1519x11)(1805x297),0.95
/home/itec/philipp/nobackup/fn-new-videos/StaySteezzy/20191207_c64HAc5DkkyHWQNqkjbELw_1575681043.mp4,6,01:13:10,01:14:19,0,100,0,00:01:09,round-20191207_c64HAc5DkkyHWQNqkjbELw_1575681043_6.csv,(1519x11)(1805x297),0.95
/home/itec/philipp/nobackup/fn-new-videos/StaySteezzy/20191211_GpvJrlPPWEqjiudkTbKdWA_1576031482.mp4,9,01:01:42,01:04:05,0,100,0,00:02:23,round-20191211_GpvJrlPPWEqjiudkTbKdWA_1576031482_9.csv,(1520x11)(1806x297),0.95
/home/itec/philipp/nobackup/fn-new-videos/RedMenace/20191207__kPAjoufmE6Ub2F7sZKYqA_1575723475.mp4,1,00:05:16,00:16:52,0,100,0,00:11:36,round-20191207__kPAjoufmE6Ub2F7sZKYqA_1575723475_1.csv,(1531x50)(1817x336),1.513
/home/itec/philipp/nobackup/fn-new-videos/StaySteezzy/20191207_c64HAc5DkkyHWQNqkjbELw_1575681043.mp4,7,01:16:03,01:17:29,0,100,0,00:01:26,round-20191207_c64HAc5DkkyHWQNqkjbELw_1575681043_7.csv,(1519x11)(1805x297),0.95
/home/itec/philipp/nobackup/fn-new-videos/StaySteezzy/20191203_LVGEo-cFCUadQHkAvIEpJA_1575346187.mp4,6,01:04:44,01:12:19,0,100,0,00:07:35,round-20191203_LVGEo-cFCUadQHkAvIEpJA_1575346187_6.csv,(1520x11)(1806x297),0.95
/home/itec/philipp/nobackup/fn-new-videos/StaySteezzy/20191208_NCi5U85apUaVZzVyXPIbLg_1575766275.mp4,3,00:33:42,00:45:54,0,100,0,00:12:12,round-20191208_NCi5U85apUaVZzVyXPIbLg_1575766275_3.csv,(1519x11)(1805x297),0.95
/home/itec/philipp/nobackup/fn-new-videos/RedMenace/20191207__kPAjoufmE6Ub2F7sZKYqA_1575723475.mp4,2,00:19:44,00:23:50,0,100,0,00:04:06,round-20191207__kPAjoufmE6Ub2F7sZKYqA_1575723475_2.csv,(1531x50)(1817x336),1.513
/home/itec/philipp/nobackup/fn-new-videos/StaySteezzy/20191201_Dx2o5CTaSE6yJEWdMbMhZQ_1575177871.mp4,11,01:22:04,01:30:57,0,100,0,00:08:53,round-20191201_Dx2o5CTaSE6yJEWdMbMhZQ_1575177871_11.csv,(1519x11)(1805x297),0.95
/home/itec/philipp/nobackup/fn-new-videos/StaySteezzy/20191207_c64HAc5DkkyHWQNqkjbELw_1575681043.mp4,8,01:19:30,01:21:44,0,100,0,00:02:14,round-20191207_c64HAc5DkkyHWQNqkjbELw_1575681043_8.csv,(1519x11)(1805x297),0.95
/home/itec/philipp/nobackup/fn-new-videos/WhyShadyy/20191201_ZF3aJ6Xw_U61YTP6SeAhHQ_1575197867.mp4,20,03:52:06,04:06:18,0,100,0,00:14:12,round-20191201_ZF3aJ6Xw_U61YTP6SeAhHQ_1575197867_20.csv,(1524x13)(1810x299),1.43
/home/itec/philipp/nobackup/fn-new-videos/StaySteezzy/20191204_vCjAoICgek6ZPNuYT2urug_1575430095.mp4,5,01:22:17,01:40:25,0,100,0,00:18:08,round-20191204_vCjAoICgek6ZPNuYT2urug_1575430095_5.csv,(1519x11)(1805x297),0.95
/home/itec/philipp/nobackup/fn-new-videos/StaySteezzy/20191207_c64HAc5DkkyHWQNqkjbELw_1575681043.mp4,9,01:23:21,01:26:23,0,100,0,00:03:02,round-20191207_c64HAc5DkkyHWQNqkjbELw_1575681043_9.csv,(1519x11)(1805x297),0.95
/home/itec/philipp/nobackup/fn-new-videos/StaySteezzy/20191203_LVGEo-cFCUadQHkAvIEpJA_1575346187.mp4,7,01:13:54,01:20:23,0,100,0,00:06:29,round-20191203_LVGEo-cFCUadQHkAvIEpJA_1575346187_7.csv,(1520x11)(1806x297),0.95
/home/itec/philipp/nobackup/fn-new-videos/StaySteezzy/20191207_c64HAc5DkkyHWQNqkjbELw_1575681043.mp4,10,01:28:03,01:30:14,0,100,0,00:02:11,round-20191207_c64HAc5DkkyHWQNqkjbELw_1575681043_10.csv,(1519x11)(1805x297),0.95
/home/itec/philipp/nobackup/fn-new-videos/StaySteezzy/20191205_q6A3dSnQaEiKri4ff6piCw_1575505725.mp4,7,01:14:42,01:33:21,0,100,0,00:18:39,round-20191205_q6A3dSnQaEiKri4ff6piCw_1575505725_7.csv,(1520x11)(1806x297),0.95
/home/itec/philipp/nobackup/fn-new-videos/StaySteezzy/20191211_GpvJrlPPWEqjiudkTbKdWA_1576031482.mp4,11,01:14:47,01:15:58,0,100,0,00:01:11,round-20191211_GpvJrlPPWEqjiudkTbKdWA_1576031482_11.csv,(1520x11)(1806x297),0.95
/home/itec/philipp/nobackup/fn-new-videos/StaySteezzy/20191204_vCjAoICgek6ZPNuYT2urug_1575430095.mp4,6,01:43:45,01:47:46,0,100,0,00:04:01,round-20191204_vCjAoICgek6ZPNuYT2urug_1575430095_6.csv,(1519x11)(1805x297),0.95
/home/itec/philipp/nobackup/fn-new-videos/StaySteezzy/20191208_NCi5U85apUaVZzVyXPIbLg_1575766275.mp4,4,00:47:33,01:01:17,0,100,0,00:13:44,round-20191208_NCi5U85apUaVZzVyXPIbLg_1575766275_4.csv,(1519x11)(1805x297),0.95
/home/itec/philipp/nobackup/fn-new-videos/StaySteezzy/20191203_LVGEo-cFCUadQHkAvIEpJA_1575346187.mp4,8,01:21:58,01:29:27,0,100,0,00:07:29,round-20191203_LVGEo-cFCUadQHkAvIEpJA_1575346187_8.csv,(1520x11)(1806x297),0.95
/home/itec/philipp/nobackup/fn-new-videos/StaySteezzy/20191204_vCjAoICgek6ZPNuYT2urug_1575430095.mp4,7,01:49:27,01:53:35,0,100,0,00:04:08,round-20191204_vCjAoICgek6ZPNuYT2urug_1575430095_7.csv,(1519x11)(1805x297),0.95
/home/itec/philipp/nobackup/fn-new-videos/WhyShadyy/20191201_ZF3aJ6Xw_U61YTP6SeAhHQ_1575197867.mp4,21,04:08:41,04:27:32,0,100,0,00:18:51,round-20191201_ZF3aJ6Xw_U61YTP6SeAhHQ_1575197867_21.csv,(1524x13)(1810x299),1.43
/home/itec/philipp/nobackup/fn-new-videos/RedMenace/20191207__kPAjoufmE6Ub2F7sZKYqA_1575723475.mp4,4,00:51:50,00:53:42,0,100,0,00:01:52,round-20191207__kPAjoufmE6Ub2F7sZKYqA_1575723475_4.csv,(1531x50)(1817x336),1.513
/home/itec/philipp/nobackup/fn-new-videos/RedMenace/20191207__kPAjoufmE6Ub2F7sZKYqA_1575723475.mp4,5,00:57:02,00:58:14,0,100,0,00:01:12,round-20191207__kPAjoufmE6Ub2F7sZKYqA_1575723475_5.csv,(1531x50)(1817x336),1.513
/home/itec/philipp/nobackup/fn-new-videos/StaySteezzy/20191201_Dx2o5CTaSE6yJEWdMbMhZQ_1575177871.mp4,12,01:32:35,01:47:53,0,100,0,00:15:18,round-20191201_Dx2o5CTaSE6yJEWdMbMhZQ_1575177871_12.csv,(1519x11)(1805x297),0.95
/home/itec/philipp/nobackup/fn-new-videos/StaySteezzy/20191207_c64HAc5DkkyHWQNqkjbELw_1575681043.mp4,11,01:31:58,01:40:11,0,100,0,00:08:13,round-20191207_c64HAc5DkkyHWQNqkjbELw_1575681043_11.csv,(1519x11)(1805x297),0.95
/home/itec/philipp/nobackup/fn-new-videos/RedMenace/20191207__kPAjoufmE6Ub2F7sZKYqA_1575723475.mp4,6,01:00:38,01:04:42,0,100,0,00:04:04,round-20191207__kPAjoufmE6Ub2F7sZKYqA_1575723475_6.csv,(1531x50)(1817x336),1.513
/home/itec/philipp/nobackup/fn-new-videos/StaySteezzy/20191208_NCi5U85apUaVZzVyXPIbLg_1575766275.mp4,5,01:02:58,01:13:35,0,100,0,00:10:37,round-20191208_NCi5U85apUaVZzVyXPIbLg_1575766275_5.csv,(1519x11)(1805x297),0.95
/home/itec/philipp/nobackup/fn-new-videos/StaySteezzy/20191201_Dx2o5CTaSE6yJEWdMbMhZQ_1575177871.mp4,13,01:49:30,01:53:00,0,100,0,00:03:30,round-20191201_Dx2o5CTaSE6yJEWdMbMhZQ_1575177871_13.csv,(1519x11)(1805x297),0.95
/home/itec/philipp/nobackup/fn-new-videos/WhyShadyy/20191130_-bUCRsoPcUG4I0gtbrLubw_1575093586.mp4,12,03:36:10,03:47:10,0,100,0,00:11:00,round-20191130_-bUCRsoPcUG4I0gtbrLubw_1575093586_12.csv,(1532x13)(1818x299),1.437
/home/itec/philipp/nobackup/fn-new-videos/WhyShadyy/20191201_ZF3aJ6Xw_U61YTP6SeAhHQ_1575197867.mp4,22,04:29:07,04:40:50,0,100,0,00:11:43,round-20191201_ZF3aJ6Xw_U61YTP6SeAhHQ_1575197867_22.csv,(1524x13)(1810x299),1.43
/home/itec/philipp/nobackup/fn-new-videos/StaySteezzy/20191204_vCjAoICgek6ZPNuYT2urug_1575430095.mp4,8,01:58:00,02:09:13,0,100,0,00:11:13,round-20191204_vCjAoICgek6ZPNuYT2urug_1575430095_8.csv,(1519x11)(1805x297),0.95
/home/itec/philipp/nobackup/fn-new-videos/WhyShadyy/20191201_ZF3aJ6Xw_U61YTP6SeAhHQ_1575197867.mp4,23,04:57:50,04:59:41,0,100,0,00:01:51,round-20191201_ZF3aJ6Xw_U61YTP6SeAhHQ_1575197867_23.csv,(1524x13)(1810x299),1.43
/home/itec/philipp/nobackup/fn-new-videos/StaySteezzy/20191203_LVGEo-cFCUadQHkAvIEpJA_1575346187.mp4,10,01:38:47,01:48:48,0,100,0,00:10:01,round-20191203_LVGEo-cFCUadQHkAvIEpJA_1575346187_10.csv,(1520x11)(1806x297),0.95
/home/itec/philipp/nobackup/fn-new-videos/RedMenace/20191129_5NTeAXtTv0mCU0kB5TgjNg_1575029111.mp4,1,00:07:53,00:11:10,0,100,0,00:03:17,round-20191129_5NTeAXtTv0mCU0kB5TgjNg_1575029111_1.csv,(1531x51)(1817x337),1.513
/home/itec/philipp/nobackup/fn-new-videos/StaySteezzy/20191203_LVGEo-cFCUadQHkAvIEpJA_1575346187.mp4,11,01:50:57,01:54:20,0,100,0,00:03:23,round-20191203_LVGEo-cFCUadQHkAvIEpJA_1575346187_11.csv,(1520x11)(1806x297),0.95
/home/itec/philipp/nobackup/fn-new-videos/RedMenace/20191129_5NTeAXtTv0mCU0kB5TgjNg_1575029111.mp4,2,00:13:15,00:15:15,0,100,0,00:02:00,round-20191129_5NTeAXtTv0mCU0kB5TgjNg_1575029111_2.csv,(1531x51)(1817x337),1.513
/home/itec/philipp/nobackup/fn-new-videos/StaySteezzy/20191211_GpvJrlPPWEqjiudkTbKdWA_1576031482.mp4,13,01:44:40,01:49:35,0,100,0,00:04:55,round-20191211_GpvJrlPPWEqjiudkTbKdWA_1576031482_13.csv,(1520x11)(1806x297),0.95
/home/itec/philipp/nobackup/fn-new-videos/RedMenace/20191207__kPAjoufmE6Ub2F7sZKYqA_1575723475.mp4,8,01:35:28,01:37:33,0,100,0,00:02:05,round-20191207__kPAjoufmE6Ub2F7sZKYqA_1575723475_8.csv,(1531x50)(1817x336),1.513
/home/itec/philipp/nobackup/fn-new-videos/WhyShadyy/20191201_ZF3aJ6Xw_U61YTP6SeAhHQ_1575197867.mp4,24,05:01:27,05:12:00,0,100,0,00:10:33,round-20191201_ZF3aJ6Xw_U61YTP6SeAhHQ_1575197867_24.csv,(1524x13)(1810x299),1.43
/home/itec/philipp/nobackup/fn-new-videos/StaySteezzy/20191203_LVGEo-cFCUadQHkAvIEpJA_1575346187.mp4,12,01:56:26,01:58:23,0,100,0,00:01:57,round-20191203_LVGEo-cFCUadQHkAvIEpJA_1575346187_12.csv,(1520x11)(1806x297),0.95
/home/itec/philipp/nobackup/fn-new-videos/RedMenace/20191207__kPAjoufmE6Ub2F7sZKYqA_1575723475.mp4,9,01:39:09,01:42:32,0,100,0,00:03:23,round-20191207__kPAjoufmE6Ub2F7sZKYqA_1575723475_9.csv,(1531x50)(1817x336),1.513
/home/itec/philipp/nobackup/fn-new-videos/WhyShadyy/20191130_-bUCRsoPcUG4I0gtbrLubw_1575093586.mp4,13,03:52:50,04:10:58,0,100,0,00:18:08,round-20191130_-bUCRsoPcUG4I0gtbrLubw_1575093586_13.csv,(1532x13)(1818x299),1.437
/home/itec/philipp/nobackup/fn-new-videos/RedMenace/20191129_5NTeAXtTv0mCU0kB5TgjNg_1575029111.mp4,4,00:19:09,00:21:53,0,100,0,00:02:44,round-20191129_5NTeAXtTv0mCU0kB5TgjNg_1575029111_4.csv,(1531x51)(1817x337),1.513
/home/itec/philipp/nobackup/fn-new-videos/StaySteezzy/20191204_vCjAoICgek6ZPNuYT2urug_1575430095.mp4,10,02:34:10,02:37:35,0,100,0,00:03:25,round-20191204_vCjAoICgek6ZPNuYT2urug_1575430095_10.csv,(1519x11)(1805x297),0.95
/home/itec/philipp/nobackup/fn-new-videos/StaySteezzy/20191208_NCi5U85apUaVZzVyXPIbLg_1575766275.mp4,7,01:36:50,01:48:46,0,100,0,00:11:56,round-20191208_NCi5U85apUaVZzVyXPIbLg_1575766275_7.csv,(1519x11)(1805x297),0.95
/home/itec/philipp/nobackup/fn-new-videos/StaySteezzy/20191201_Dx2o5CTaSE6yJEWdMbMhZQ_1575177871.mp4,15,02:16:18,02:27:54,0,100,0,00:11:36,round-20191201_Dx2o5CTaSE6yJEWdMbMhZQ_1575177871_15.csv,(1519x11)(1805x297),0.95
/home/itec/philipp/nobackup/fn-new-videos/RedMenace/20191207__kPAjoufmE6Ub2F7sZKYqA_1575723475.mp4,10,01:59:48,02:14:41,0,100,0,00:14:53,round-20191207__kPAjoufmE6Ub2F7sZKYqA_1575723475_10.csv,(1531x50)(1817x336),1.513
/home/itec/philipp/nobackup/fn-new-videos/RedMenace/20191207__kPAjoufmE6Ub2F7sZKYqA_1575723475.mp4,11,02:18:37,02:22:35,0,100,0,00:03:58,round-20191207__kPAjoufmE6Ub2F7sZKYqA_1575723475_11.csv,(1531x50)(1817x336),1.513
/home/itec/philipp/nobackup/fn-new-videos/RedMenace/20191211_0pXPk3G4aESqYtDRZ92lIA_1576064505.mp4,2,00:50:30,01:05:06,0,100,0,00:14:36,round-20191211_0pXPk3G4aESqYtDRZ92lIA_1576064505_2.csv,(1531x51)(1817x337),1.513
/home/itec/philipp/nobackup/fn-new-videos/StaySteezzy/20191211_GpvJrlPPWEqjiudkTbKdWA_1576031482.mp4,14,01:52:58,02:13:00,0,100,0,00:20:02,round-20191211_GpvJrlPPWEqjiudkTbKdWA_1576031482_14.csv,(1520x11)(1806x297),0.95
/home/itec/philipp/nobackup/fn-new-videos/RedMenace/20191211_0pXPk3G4aESqYtDRZ92lIA_1576064505.mp4,3,01:07:39,01:09:48,0,100,0,00:02:09,round-20191211_0pXPk3G4aESqYtDRZ92lIA_1576064505_3.csv,(1531x51)(1817x337),1.513
/home/itec/philipp/nobackup/fn-new-videos/WhyShadyy/20191201_ZF3aJ6Xw_U61YTP6SeAhHQ_1575197867.mp4,25,05:20:01,05:40:41,0,100,0,00:20:40,round-20191201_ZF3aJ6Xw_U61YTP6SeAhHQ_1575197867_25.csv,(1524x13)(1810x299),1.43
/home/itec/philipp/nobackup/fn-new-videos/RedMenace/20191211_0pXPk3G4aESqYtDRZ92lIA_1576064505.mp4,4,01:11:57,01:14:22,0,100,0,00:02:25,round-20191211_0pXPk3G4aESqYtDRZ92lIA_1576064505_4.csv,(1531x51)(1817x337),1.513
/home/itec/philipp/nobackup/fn-new-videos/Flopysock/20191130_5hchg8-B20SyvYkF2RHWPg_1575076848.mp4,1,00:06:25,00:09:42,0,100,0,00:03:17,round-20191130_5hchg8-B20SyvYkF2RHWPg_1575076848_1.csv,(1526x11)(1812x297),1.43
/home/itec/philipp/nobackup/fn-new-videos/StaySteezzy/20191201_Dx2o5CTaSE6yJEWdMbMhZQ_1575177871.mp4,16,02:30:34,02:41:48,0,100,0,00:11:14,round-20191201_Dx2o5CTaSE6yJEWdMbMhZQ_1575177871_16.csv,(1519x11)(1805x297),0.95
/home/itec/philipp/nobackup/fn-new-videos/WhyShadyy/20191201_ZF3aJ6Xw_U61YTP6SeAhHQ_1575197867.mp4,26,05:42:18,05:46:15,0,100,0,00:03:57,round-20191201_ZF3aJ6Xw_U61YTP6SeAhHQ_1575197867_26.csv,(1524x13)(1810x299),1.43
/home/itec/philipp/nobackup/fn-new-videos/RedMenace/20191208_9UQhKZ_kmUmlDyuaAgdqMA_1575770128.mp4,1,00:07:08,00:20:23,0,100,0,00:13:15,round-20191208_9UQhKZ_kmUmlDyuaAgdqMA_1575770128_1.csv,(1523x50)(1809x336),1.505
/home/itec/philipp/nobackup/fn-new-videos/StaySteezzy/20191204_vCjAoICgek6ZPNuYT2urug_1575430095.mp4,11,02:39:58,02:54:48,0,100,0,00:14:50,round-20191204_vCjAoICgek6ZPNuYT2urug_1575430095_11.csv,(1519x11)(1805x297),0.95
/home/itec/philipp/nobackup/fn-new-videos/StaySteezzy/20191201_Dx2o5CTaSE6yJEWdMbMhZQ_1575177871.mp4,17,02:43:41,02:45:21,0,100,0,00:01:40,round-20191201_Dx2o5CTaSE6yJEWdMbMhZQ_1575177871_17.csv,(1519x11)(1805x297),0.95
/home/itec/philipp/nobackup/fn-new-videos/RedMenace/20191207__kPAjoufmE6Ub2F7sZKYqA_1575723475.mp4,12,02:24:20,02:39:16,0,100,0,00:14:56,round-20191207__kPAjoufmE6Ub2F7sZKYqA_1575723475_12.csv,(1531x50)(1817x336),1.513
/home/itec/philipp/nobackup/fn-new-videos/WhyShadyy/20191201_ZF3aJ6Xw_U61YTP6SeAhHQ_1575197867.mp4,27,05:47:59,05:53:52,0,100,0,00:05:53,round-20191201_ZF3aJ6Xw_U61YTP6SeAhHQ_1575197867_27.csv,(1524x13)(1810x299),1.43
/home/itec/philipp/nobackup/fn-new-videos/RedMenace/20191211_0pXPk3G4aESqYtDRZ92lIA_1576064505.mp4,5,01:16:24,01:26:04,0,100,0,00:09:40,round-20191211_0pXPk3G4aESqYtDRZ92lIA_1576064505_5.csv,(1531x51)(1817x337),1.513
/home/itec/philipp/nobackup/fn-new-videos/RedMenace/20191207__kPAjoufmE6Ub2F7sZKYqA_1575723475.mp4,13,02:41:46,02:44:56,0,100,0,00:03:10,round-20191207__kPAjoufmE6Ub2F7sZKYqA_1575723475_13.csv,(1531x50)(1817x336),1.513
/home/itec/philipp/nobackup/fn-new-videos/StaySteezzy/20191203_LVGEo-cFCUadQHkAvIEpJA_1575346187.mp4,14,02:20:26,02:31:40,0,100,0,00:11:14,round-20191203_LVGEo-cFCUadQHkAvIEpJA_1575346187_14.csv,(1520x11)(1806x297),0.95
/home/itec/philipp/nobackup/fn-new-videos/Flopysock/20191130_5hchg8-B20SyvYkF2RHWPg_1575076848.mp4,2,00:18:26,00:31:01,0,100,0,00:12:35,round-20191130_5hchg8-B20SyvYkF2RHWPg_1575076848_2.csv,(1526x11)(1812x297),1.43
/home/itec/philipp/nobackup/fn-new-videos/StaySteezzy/20191203_LVGEo-cFCUadQHkAvIEpJA_1575346187.mp4,15,02:35:31,02:36:59,0,100,0,00:01:28,round-20191203_LVGEo-cFCUadQHkAvIEpJA_1575346187_15.csv,(1520x11)(1806x297),0.95
/home/itec/philipp/nobackup/fn-new-videos/RedMenace/20191211_0pXPk3G4aESqYtDRZ92lIA_1576064505.mp4,6,01:28:23,01:36:17,0,100,0,00:07:54,round-20191211_0pXPk3G4aESqYtDRZ92lIA_1576064505_6.csv,(1531x51)(1817x337),1.513
/home/itec/philipp/nobackup/fn-new-videos/RedMenace/20191129_5NTeAXtTv0mCU0kB5TgjNg_1575029111.mp4,6,00:48:03,01:10:06,0,100,0,00:22:03,round-20191129_5NTeAXtTv0mCU0kB5TgjNg_1575029111_6.csv,(1531x51)(1817x337),1.513
/home/itec/philipp/nobackup/fn-new-videos/Flopysock/20191130_5hchg8-B20SyvYkF2RHWPg_1575076848.mp4,3,00:37:22,00:40:31,0,100,0,00:03:09,round-20191130_5hchg8-B20SyvYkF2RHWPg_1575076848_3.csv,(1526x11)(1812x297),1.43
/home/itec/philipp/nobackup/fn-new-videos/StaySteezzy/20191211_GpvJrlPPWEqjiudkTbKdWA_1576031482.mp4,15,02:17:40,02:33:36,0,100,0,00:15:56,round-20191211_GpvJrlPPWEqjiudkTbKdWA_1576031482_15.csv,(1520x11)(1806x297),0.95
/home/itec/philipp/nobackup/fn-new-videos/RedMenace/20191207__kPAjoufmE6Ub2F7sZKYqA_1575723475.mp4,14,02:46:51,02:58:13,0,100,0,00:11:22,round-20191207__kPAjoufmE6Ub2F7sZKYqA_1575723475_14.csv,(1531x50)(1817x336),1.513
/home/itec/philipp/nobackup/fn-new-videos/StaySteezzy/20191201_Dx2o5CTaSE6yJEWdMbMhZQ_1575177871.mp4,18,02:48:02,03:03:53,0,100,0,00:15:51,round-20191201_Dx2o5CTaSE6yJEWdMbMhZQ_1575177871_18.csv,(1519x11)(1805x297),0.95
/home/itec/philipp/nobackup/fn-new-videos/StaySteezzy/20191204_vCjAoICgek6ZPNuYT2urug_1575430095.mp4,12,02:57:13,03:11:42,0,100,0,00:14:29,round-20191204_vCjAoICgek6ZPNuYT2urug_1575430095_12.csv,(1519x11)(1805x297),0.95
/home/itec/philipp/nobackup/fn-new-videos/RedMenace/20191207__kPAjoufmE6Ub2F7sZKYqA_1575723475.mp4,15,03:00:15,03:05:11,0,100,0,00:04:56,round-20191207__kPAjoufmE6Ub2F7sZKYqA_1575723475_15.csv,(1531x50)(1817x336),1.513
/home/itec/philipp/nobackup/fn-new-videos/WhyShadyy/20191201_ZF3aJ6Xw_U61YTP6SeAhHQ_1575197867.mp4,28,07:15:24,07:17:48,0,100,0,00:02:24,round-20191201_ZF3aJ6Xw_U61YTP6SeAhHQ_1575197867_28.csv,(1524x13)(1810x299),1.43
/home/itec/philipp/nobackup/fn-new-videos/RedMenace/20191211_0pXPk3G4aESqYtDRZ92lIA_1576064505.mp4,7,02:25:38,02:40:59,0,100,0,00:15:21,round-20191211_0pXPk3G4aESqYtDRZ92lIA_1576064505_7.csv,(1531x51)(1817x337),1.513
/home/itec/philipp/nobackup/fn-new-videos/RedMenace/20191129_5NTeAXtTv0mCU0kB5TgjNg_1575029111.mp4,7,02:00:13,02:17:05,0,100,0,00:16:52,round-20191129_5NTeAXtTv0mCU0kB5TgjNg_1575029111_7.csv,(1531x51)(1817x337),1.513
/home/itec/philipp/nobackup/fn-new-videos/WhyShadyy/20191201_ZF3aJ6Xw_U61YTP6SeAhHQ_1575197867.mp4,29,07:21:17,07:30:54,0,100,0,00:09:37,round-20191201_ZF3aJ6Xw_U61YTP6SeAhHQ_1575197867_29.csv,(1524x13)(1810x299),1.43
/home/itec/philipp/nobackup/fn-new-videos/RedMenace/20191211_0pXPk3G4aESqYtDRZ92lIA_1576064505.mp4,8,02:43:09,02:51:19,0,100,0,00:08:10,round-20191211_0pXPk3G4aESqYtDRZ92lIA_1576064505_8.csv,(1531x51)(1817x337),1.513
/home/itec/philipp/nobackup/fn-new-videos/RedMenace/20191129_5NTeAXtTv0mCU0kB5TgjNg_1575029111.mp4,8,02:19:02,02:32:22,0,100,0,00:13:20,round-20191129_5NTeAXtTv0mCU0kB5TgjNg_1575029111_8.csv,(1531x51)(1817x337),1.513
/home/itec/philipp/nobackup/fn-new-videos/WhyShadyy/20191201_ZF3aJ6Xw_U61YTP6SeAhHQ_1575197867.mp4,30,07:33:22,07:46:16,0,100,0,00:12:54,round-20191201_ZF3aJ6Xw_U61YTP6SeAhHQ_1575197867_30.csv,(1524x13)(1810x299),1.43
/home/itec/philipp/nobackup/fn-new-videos/RedMenace/20191211_0pXPk3G4aESqYtDRZ92lIA_1576064505.mp4,9,02:53:08,03:07:26,0,100,0,00:14:18,round-20191211_0pXPk3G4aESqYtDRZ92lIA_1576064505_9.csv,(1531x51)(1817x337),1.513
/home/itec/philipp/nobackup/fn-new-videos/WhyShadyy/20191201_ZF3aJ6Xw_U61YTP6SeAhHQ_1575197867.mp4,31,07:48:33,07:50:50,0,100,0,00:02:17,round-20191201_ZF3aJ6Xw_U61YTP6SeAhHQ_1575197867_31.csv,(1524x13)(1810x299),1.43
/home/itec/philipp/nobackup/fn-new-videos/StaySteezzy/20191203_LVGEo-cFCUadQHkAvIEpJA_1575346187.mp4,18,03:01:55,03:13:52,0,100,0,00:11:57,round-20191203_LVGEo-cFCUadQHkAvIEpJA_1575346187_18.csv,(1520x11)(1806x297),0.95
/home/itec/philipp/nobackup/fn-new-videos/RedMenace/20191129_5NTeAXtTv0mCU0kB5TgjNg_1575029111.mp4,9,03:02:29,03:05:14,0,100,0,00:02:45,round-20191129_5NTeAXtTv0mCU0kB5TgjNg_1575029111_9.csv,(1531x51)(1817x337),1.513
/home/itec/philipp/nobackup/fn-new-videos/WhyShadyy/20191201_ZF3aJ6Xw_U61YTP6SeAhHQ_1575197867.mp4,32,07:53:47,07:57:55,0,100,0,00:04:08,round-20191201_ZF3aJ6Xw_U61YTP6SeAhHQ_1575197867_32.csv,(1524x13)(1810x299),1.43
/home/itec/philipp/nobackup/fn-new-videos/Flopysock/20191130_5hchg8-B20SyvYkF2RHWPg_1575076848.mp4,5,01:07:55,01:22:20,0,100,0,00:14:25,round-20191130_5hchg8-B20SyvYkF2RHWPg_1575076848_5.csv,(1526x11)(1812x297),1.43
/home/itec/philipp/nobackup/fn-new-videos/CleverNyx/20191205_1Mfc0pH7tUyW6tQ-bnp79A_1575576753.mp4,2,00:22:24,00:36:42,0,100,0,00:14:18,round-20191205_1Mfc0pH7tUyW6tQ-bnp79A_1575576753_2.csv,(1601x12)(1887x298),1.49
/home/itec/philipp/nobackup/fn-new-videos/StaySteezzy/20191203_LVGEo-cFCUadQHkAvIEpJA_1575346187.mp4,19,03:17:11,03:29:20,0,100,0,00:12:09,round-20191203_LVGEo-cFCUadQHkAvIEpJA_1575346187_19.csv,(1520x11)(1806x297),0.95
/home/itec/philipp/nobackup/fn-new-videos/CleverNyx/20191204_BK-6asxbjE6dU5n_2NG4DA_1575492719.mp4,1,00:05:17,00:18:02,0,100,0,00:12:45,round-20191204_BK-6asxbjE6dU5n_2NG4DA_1575492719_1.csv,(1603x12)(1889x298),1.49
/home/itec/philipp/nobackup/fn-new-videos/Flopysock/20191130_5hchg8-B20SyvYkF2RHWPg_1575076848.mp4,6,01:26:05,01:35:38,0,100,0,00:09:33,round-20191130_5hchg8-B20SyvYkF2RHWPg_1575076848_6.csv,(1526x11)(1812x297),1.43
/home/itec/philipp/nobackup/fn-new-videos/CleverNyx/20191205_1Mfc0pH7tUyW6tQ-bnp79A_1575576753.mp4,3,00:38:42,00:50:15,0,100,0,00:11:33,round-20191205_1Mfc0pH7tUyW6tQ-bnp79A_1575576753_3.csv,(1601x12)(1887x298),1.49
/home/itec/philipp/nobackup/fn-new-videos/StaySteezzy/20191211_GpvJrlPPWEqjiudkTbKdWA_1576031482.mp4,17,03:15:22,03:28:32,0,100,0,00:13:10,round-20191211_GpvJrlPPWEqjiudkTbKdWA_1576031482_17.csv,(1520x11)(1806x297),0.95
/home/itec/philipp/nobackup/fn-new-videos/CleverNyx/20191205_1Mfc0pH7tUyW6tQ-bnp79A_1575576753.mp4,4,00:51:51,00:55:13,0,100,0,00:03:22,round-20191205_1Mfc0pH7tUyW6tQ-bnp79A_1575576753_4.csv,(1601x12)(1887x298),1.49
/home/itec/philipp/nobackup/fn-new-videos/StaySteezzy/20191211_GpvJrlPPWEqjiudkTbKdWA_1576031482.mp4,18,03:30:57,03:34:12,0,100,0,00:03:15,round-20191211_GpvJrlPPWEqjiudkTbKdWA_1576031482_18.csv,(1520x11)(1806x297),0.95
/home/itec/philipp/nobackup/fn-new-videos/CleverNyx/20191208_96EaxsqT3kaciAmNS4pL9A_1575810412.mp4,1,00:11:53,00:15:52,0,100,0,00:03:59,round-20191208_96EaxsqT3kaciAmNS4pL9A_1575810412_1.csv,(1601x12)(1887x298),1.49
/home/itec/philipp/nobackup/fn-new-videos/CleverNyx/20191205_OAAjwCoGV0uThCr14E_pXA_1575586482.mp4,2,00:12:20,00:16:09,0,100,0,00:03:49,round-20191205_OAAjwCoGV0uThCr14E_pXA_1575586482_2.csv,(1601x12)(1887x298),1.49
/home/itec/philipp/nobackup/fn-new-videos/CleverNyx/20191208_96EaxsqT3kaciAmNS4pL9A_1575810412.mp4,2,00:17:36,00:22:43,0,100,0,00:05:07,round-20191208_96EaxsqT3kaciAmNS4pL9A_1575810412_2.csv,(1601x12)(1887x298),1.49
/home/itec/philipp/nobackup/fn-new-videos/CleverNyx/20191208_96EaxsqT3kaciAmNS4pL9A_1575810412.mp4,3,00:24:40,00:27:42,0,100,0,00:03:02,round-20191208_96EaxsqT3kaciAmNS4pL9A_1575810412_3.csv,(1601x12)(1887x298),1.49
/home/itec/philipp/nobackup/fn-new-videos/CleverNyx/20191205_OAAjwCoGV0uThCr14E_pXA_1575586482.mp4,3,00:19:41,00:28:17,0,100,0,00:08:36,round-20191205_OAAjwCoGV0uThCr14E_pXA_1575586482_3.csv,(1601x12)(1887x298),1.49
/home/itec/philipp/nobackup/fn-new-videos/CleverNyx/20191208_96EaxsqT3kaciAmNS4pL9A_1575810412.mp4,4,00:29:27,00:33:39,0,100,0,00:04:12,round-20191208_96EaxsqT3kaciAmNS4pL9A_1575810412_4.csv,(1601x12)(1887x298),1.49
/home/itec/philipp/nobackup/fn-new-videos/CleverNyx/20191205_OAAjwCoGV0uThCr14E_pXA_1575586482.mp4,4,00:29:58,00:33:40,0,100,0,00:03:42,round-20191205_OAAjwCoGV0uThCr14E_pXA_1575586482_4.csv,(1601x12)(1887x298),1.49
/home/itec/philipp/nobackup/fn-new-videos/CleverNyx/20191205_1Mfc0pH7tUyW6tQ-bnp79A_1575576753.mp4,6,01:12:33,01:16:33,0,100,0,00:04:00,round-20191205_1Mfc0pH7tUyW6tQ-bnp79A_1575576753_6.csv,(1601x12)(1887x298),1.49
/home/itec/philipp/nobackup/fn-new-videos/RedMenace/20191129_5NTeAXtTv0mCU0kB5TgjNg_1575029111.mp4,11,03:39:29,03:50:45,0,100,0,00:11:16,round-20191129_5NTeAXtTv0mCU0kB5TgjNg_1575029111_11.csv,(1531x51)(1817x337),1.513
/home/itec/philipp/nobackup/fn-new-videos/CleverNyx/20191205_1Mfc0pH7tUyW6tQ-bnp79A_1575576753.mp4,7,01:18:25,01:20:47,0,100,0,00:02:22,round-20191205_1Mfc0pH7tUyW6tQ-bnp79A_1575576753_7.csv,(1601x12)(1887x298),1.49
/home/itec/philipp/nobackup/fn-new-videos/StaySteezzy/20191211_GpvJrlPPWEqjiudkTbKdWA_1576031482.mp4,19,03:36:18,03:51:08,0,100,0,00:14:50,round-20191211_GpvJrlPPWEqjiudkTbKdWA_1576031482_19.csv,(1520x11)(1806x297),0.95
/home/itec/philipp/nobackup/fn-new-videos/CleverNyx/20191205_1Mfc0pH7tUyW6tQ-bnp79A_1575576753.mp4,8,01:24:24,01:29:50,0,100,0,00:05:26,round-20191205_1Mfc0pH7tUyW6tQ-bnp79A_1575576753_8.csv,(1601x12)(1887x298),1.49
/home/itec/philipp/nobackup/fn-new-videos/StaySteezzy/20191211_GpvJrlPPWEqjiudkTbKdWA_1576031482.mp4,20,03:54:31,03:58:16,0,100,0,00:03:45,round-20191211_GpvJrlPPWEqjiudkTbKdWA_1576031482_20.csv,(1520x11)(1806x297),0.95
/home/itec/philipp/nobackup/fn-new-videos/CleverNyx/20191208_96EaxsqT3kaciAmNS4pL9A_1575810412.mp4,5,00:35:13,00:52:45,0,100,0,00:17:32,round-20191208_96EaxsqT3kaciAmNS4pL9A_1575810412_5.csv,(1601x12)(1887x298),1.49
/home/itec/philipp/nobackup/fn-new-videos/CleverNyx/20191206_oFmFoQTY-Ua2eBquel_i5A_1575665848.mp4,2,00:30:53,00:44:22,0,100,0,00:13:29,round-20191206_oFmFoQTY-Ua2eBquel_i5A_1575665848_2.csv,(1610x12)(1896x298),1.497
/home/itec/philipp/nobackup/fn-new-videos/CleverNyx/20191211_U91lc3JboUefJ-nTGYroew_1576038731.mp4,1,00:06:52,00:18:32,0,100,0,00:11:40,round-20191211_U91lc3JboUefJ-nTGYroew_1576038731_1.csv,(1544x12)(1830x298),1.444
/home/itec/philipp/nobackup/fn-new-videos/Flopysock/20191202_HWnwd-xPGUKBZ76s3C_7Rg_1575276443.mp4,3,02:40:47,02:56:14,0,100,0,00:15:27,round-20191202_HWnwd-xPGUKBZ76s3C_7Rg_1575276443_3.csv,(1479x11)(1765x297),1.437
/home/itec/philipp/nobackup/fn-new-videos/CleverNyx/20191205_OAAjwCoGV0uThCr14E_pXA_1575586482.mp4,5,00:35:23,00:55:12,0,100,0,00:19:49,round-20191205_OAAjwCoGV0uThCr14E_pXA_1575586482_5.csv,(1601x12)(1887x298),1.49
/home/itec/philipp/nobackup/fn-new-videos/CleverNyx/20191211_U91lc3JboUefJ-nTGYroew_1576038731.mp4,2,00:23:24,00:27:32,0,100,0,00:04:08,round-20191211_U91lc3JboUefJ-nTGYroew_1576038731_2.csv,(1544x12)(1830x298),1.444
/home/itec/philipp/nobackup/fn-new-videos/CleverNyx/20191206_oFmFoQTY-Ua2eBquel_i5A_1575665848.mp4,3,00:46:01,00:50:37,0,100,0,00:04:36,round-20191206_oFmFoQTY-Ua2eBquel_i5A_1575665848_3.csv,(1610x12)(1896x298),1.497
/home/itec/philipp/nobackup/fn-new-videos/CleverNyx/20191208_96EaxsqT3kaciAmNS4pL9A_1575810412.mp4,6,00:54:19,01:09:03,0,100,0,00:14:44,round-20191208_96EaxsqT3kaciAmNS4pL9A_1575810412_6.csv,(1601x12)(1887x298),1.49
/home/itec/philipp/nobackup/fn-new-videos/Flopysock/20191130_5hchg8-B20SyvYkF2RHWPg_1575076848.mp4,10,02:25:50,02:30:57,0,100,0,00:05:07,round-20191130_5hchg8-B20SyvYkF2RHWPg_1575076848_10.csv,(1526x11)(1812x297),1.43
/home/itec/philipp/nobackup/fn-new-videos/StaySteezzy/20191203_LVGEo-cFCUadQHkAvIEpJA_1575346187.mp4,21,03:58:16,04:14:14,0,100,0,00:15:58,round-20191203_LVGEo-cFCUadQHkAvIEpJA_1575346187_21.csv,(1520x11)(1806x297),0.95
/home/itec/philipp/nobackup/fn-new-videos/CleverNyx/20191208_96EaxsqT3kaciAmNS4pL9A_1575810412.mp4,7,01:10:43,01:12:54,0,100,0,00:02:11,round-20191208_96EaxsqT3kaciAmNS4pL9A_1575810412_7.csv,(1601x12)(1887x298),1.49
/home/itec/philipp/nobackup/fn-new-videos/CleverNyx/20191211_U91lc3JboUefJ-nTGYroew_1576038731.mp4,3,00:29:25,00:34:20,0,100,0,00:04:55,round-20191211_U91lc3JboUefJ-nTGYroew_1576038731_3.csv,(1544x12)(1830x298),1.444
/home/itec/philipp/nobackup/fn-new-videos/Flopysock/20191130_5hchg8-B20SyvYkF2RHWPg_1575076848.mp4,11,02:33:33,02:37:05,0,100,0,00:03:32,round-20191130_5hchg8-B20SyvYkF2RHWPg_1575076848_11.csv,(1526x11)(1812x297),1.43
/home/itec/philipp/nobackup/fn-new-videos/RedMenace/20191129_5NTeAXtTv0mCU0kB5TgjNg_1575029111.mp4,13,04:16:36,04:29:44,0,100,0,00:13:08,round-20191129_5NTeAXtTv0mCU0kB5TgjNg_1575029111_13.csv,(1531x51)(1817x337),1.513
/home/itec/philipp/nobackup/fn-new-videos/CleverNyx/20191211_U91lc3JboUefJ-nTGYroew_1576038731.mp4,4,00:38:01,00:43:45,0,100,0,00:05:44,round-20191211_U91lc3JboUefJ-nTGYroew_1576038731_4.csv,(1544x12)(1830x298),1.444
/home/itec/philipp/nobackup/fn-new-videos/StaySteezzy/20191211_GpvJrlPPWEqjiudkTbKdWA_1576031482.mp4,22,04:04:46,04:17:47,0,100,0,00:13:01,round-20191211_GpvJrlPPWEqjiudkTbKdWA_1576031482_22.csv,(1520x11)(1806x297),0.95
/home/itec/philipp/nobackup/fn-new-videos/CleverNyx/20191205_OAAjwCoGV0uThCr14E_pXA_1575586482.mp4,6,01:02:39,01:09:38,0,100,0,00:06:59,round-20191205_OAAjwCoGV0uThCr14E_pXA_1575586482_6.csv,(1601x12)(1887x298),1.49
/home/itec/philipp/nobackup/fn-new-videos/Flopysock/20191130_5hchg8-B20SyvYkF2RHWPg_1575076848.mp4,12,02:41:01,02:45:57,0,100,0,00:04:56,round-20191130_5hchg8-B20SyvYkF2RHWPg_1575076848_12.csv,(1526x11)(1812x297),1.43
/home/itec/philipp/nobackup/fn-new-videos/CleverNyx/20191206_oFmFoQTY-Ua2eBquel_i5A_1575665848.mp4,4,00:52:13,01:04:33,0,100,0,00:12:20,round-20191206_oFmFoQTY-Ua2eBquel_i5A_1575665848_4.csv,(1610x12)(1896x298),1.497
/home/itec/philipp/nobackup/fn-new-videos/RedMenace/20191129_5NTeAXtTv0mCU0kB5TgjNg_1575029111.mp4,14,04:31:39,04:45:00,0,100,0,00:13:21,round-20191129_5NTeAXtTv0mCU0kB5TgjNg_1575029111_14.csv,(1531x51)(1817x337),1.513
/home/itec/philipp/nobackup/fn-new-videos/CleverNyx/20191208_96EaxsqT3kaciAmNS4pL9A_1575810412.mp4,8,01:14:33,01:28:29,0,100,0,00:13:56,round-20191208_96EaxsqT3kaciAmNS4pL9A_1575810412_8.csv,(1601x12)(1887x298),1.49
/home/itec/philipp/nobackup/fn-new-videos/CleverNyx/20191206_oFmFoQTY-Ua2eBquel_i5A_1575665848.mp4,5,01:06:49,01:09:05,0,100,0,00:02:16,round-20191206_oFmFoQTY-Ua2eBquel_i5A_1575665848_5.csv,(1610x12)(1896x298),1.497
/home/itec/philipp/nobackup/fn-new-videos/CleverNyx/20191205_OAAjwCoGV0uThCr14E_pXA_1575586482.mp4,7,01:11:15,01:23:01,0,100,0,00:11:46,round-20191205_OAAjwCoGV0uThCr14E_pXA_1575586482_7.csv,(1601x12)(1887x298),1.49
/home/itec/philipp/nobackup/fn-new-videos/CleverNyx/20191208_96EaxsqT3kaciAmNS4pL9A_1575810412.mp4,9,01:30:11,01:32:28,0,100,0,00:02:17,round-20191208_96EaxsqT3kaciAmNS4pL9A_1575810412_9.csv,(1601x12)(1887x298),1.49
/home/itec/philipp/nobackup/fn-new-videos/CleverNyx/20191206_oFmFoQTY-Ua2eBquel_i5A_1575665848.mp4,6,01:11:04,01:12:35,0,100,0,00:01:31,round-20191206_oFmFoQTY-Ua2eBquel_i5A_1575665848_6.csv,(1610x12)(1896x298),1.497
/home/itec/philipp/nobackup/fn-new-videos/CleverNyx/20191211_U91lc3JboUefJ-nTGYroew_1576038731.mp4,5,00:45:33,01:00:33,0,100,0,00:15:00,round-20191211_U91lc3JboUefJ-nTGYroew_1576038731_5.csv,(1544x12)(1830x298),1.444
/home/itec/philipp/nobackup/fn-new-videos/Flopysock/20191130_5hchg8-B20SyvYkF2RHWPg_1575076848.mp4,13,02:52:59,03:05:15,0,100,0,00:12:16,round-20191130_5hchg8-B20SyvYkF2RHWPg_1575076848_13.csv,(1526x11)(1812x297),1.43
/home/itec/philipp/nobackup/fn-new-videos/CleverNyx/20191211_U91lc3JboUefJ-nTGYroew_1576038731.mp4,6,01:02:26,01:06:04,0,100,0,00:03:38,round-20191211_U91lc3JboUefJ-nTGYroew_1576038731_6.csv,(1544x12)(1830x298),1.444
/home/itec/philipp/nobackup/fn-new-videos/CleverNyx/20191206_oFmFoQTY-Ua2eBquel_i5A_1575665848.mp4,7,01:14:15,01:18:20,0,100,0,00:04:05,round-20191206_oFmFoQTY-Ua2eBquel_i5A_1575665848_7.csv,(1610x12)(1896x298),1.497
/home/itec/philipp/nobackup/fn-new-videos/Flopysock/20191130_5hchg8-B20SyvYkF2RHWPg_1575076848.mp4,14,03:11:32,03:14:01,0,100,0,00:02:29,round-20191130_5hchg8-B20SyvYkF2RHWPg_1575076848_14.csv,(1526x11)(1812x297),1.43
/home/itec/philipp/nobackup/fn-new-videos/StaySteezzy/20191203_LVGEo-cFCUadQHkAvIEpJA_1575346187.mp4,22,04:16:27,04:34:27,0,100,0,00:18:00,round-20191203_LVGEo-cFCUadQHkAvIEpJA_1575346187_22.csv,(1520x11)(1806x297),0.95
/home/itec/philipp/nobackup/fn-new-videos/CleverNyx/20191211_U91lc3JboUefJ-nTGYroew_1576038731.mp4,7,01:07:37,01:16:08,0,100,0,00:08:31,round-20191211_U91lc3JboUefJ-nTGYroew_1576038731_7.csv,(1544x12)(1830x298),1.444
/home/itec/philipp/nobackup/fn-new-videos/CleverNyx/20191208_96EaxsqT3kaciAmNS4pL9A_1575810412.mp4,11,01:50:56,01:52:48,0,100,0,00:01:52,round-20191208_96EaxsqT3kaciAmNS4pL9A_1575810412_11.csv,(1601x12)(1887x298),1.49
/home/itec/philipp/nobackup/fn-new-videos/CleverNyx/20191211_U91lc3JboUefJ-nTGYroew_1576038731.mp4,8,01:17:42,01:26:21,0,100,0,00:08:39,round-20191211_U91lc3JboUefJ-nTGYroew_1576038731_8.csv,(1544x12)(1830x298),1.444
/home/itec/philipp/nobackup/fn-new-videos/Flopysock/20191202_HWnwd-xPGUKBZ76s3C_7Rg_1575276443.mp4,5,03:33:29,03:45:55,0,100,0,00:12:26,round-20191202_HWnwd-xPGUKBZ76s3C_7Rg_1575276443_5.csv,(1479x11)(1765x297),1.437
/home/itec/philipp/nobackup/fn-new-videos/Flopysock/20191202_HWnwd-xPGUKBZ76s3C_7Rg_1575276443.mp4,6,03:47:35,03:49:43,0,100,0,00:02:08,round-20191202_HWnwd-xPGUKBZ76s3C_7Rg_1575276443_6.csv,(1479x11)(1765x297),1.437
/home/itec/philipp/nobackup/fn-new-videos/CleverNyx/20191208_96EaxsqT3kaciAmNS4pL9A_1575810412.mp4,12,01:55:00,02:02:09,0,100,0,00:07:09,round-20191208_96EaxsqT3kaciAmNS4pL9A_1575810412_12.csv,(1601x12)(1887x298),1.49
/home/itec/philipp/nobackup/fn-new-videos/CleverNyx/20191208_96EaxsqT3kaciAmNS4pL9A_1575810412.mp4,13,02:03:56,02:06:07,0,100,0,00:02:11,round-20191208_96EaxsqT3kaciAmNS4pL9A_1575810412_13.csv,(1601x12)(1887x298),1.49
/home/itec/philipp/nobackup/fn-new-videos/CleverNyx/20191208_96EaxsqT3kaciAmNS4pL9A_1575810412.mp4,14,02:08:11,02:10:03,0,100,0,00:01:52,round-20191208_96EaxsqT3kaciAmNS4pL9A_1575810412_14.csv,(1601x12)(1887x298),1.49
/home/itec/philipp/nobackup/fn-new-videos/CleverNyx/20191206_oFmFoQTY-Ua2eBquel_i5A_1575665848.mp4,8,01:20:24,01:38:56,0,100,0,00:18:32,round-20191206_oFmFoQTY-Ua2eBquel_i5A_1575665848_8.csv,(1610x12)(1896x298),1.497
/home/itec/philipp/nobackup/fn-new-videos/Frvstz/20191209_EH0IE3f7PUi-eQaeu23u4w_1575888317.mp4,3,00:38:17,00:43:24,0,100,0,00:05:07,round-20191209_EH0IE3f7PUi-eQaeu23u4w_1575888317_3.csv,(1639x52)(1925x338),1.067
/home/itec/philipp/nobackup/fn-new-videos/CleverNyx/20191206_oFmFoQTY-Ua2eBquel_i5A_1575665848.mp4,9,01:40:57,01:51:09,0,100,0,00:10:12,round-20191206_oFmFoQTY-Ua2eBquel_i5A_1575665848_9.csv,(1610x12)(1896x298),1.497
/home/itec/philipp/nobackup/fn-new-videos/CleverNyx/20191208_96EaxsqT3kaciAmNS4pL9A_1575810412.mp4,15,02:11:54,02:29:58,0,100,0,00:18:04,round-20191208_96EaxsqT3kaciAmNS4pL9A_1575810412_15.csv,(1601x12)(1887x298),1.49
/home/itec/philipp/nobackup/fn-new-videos/CleverNyx/20191208_96EaxsqT3kaciAmNS4pL9A_1575810412.mp4,16,02:32:08,02:37:45,0,100,0,00:05:37,round-20191208_96EaxsqT3kaciAmNS4pL9A_1575810412_16.csv,(1601x12)(1887x298),1.49
/home/itec/philipp/nobackup/fn-new-videos/CleverNyx/20191208_96EaxsqT3kaciAmNS4pL9A_1575810412.mp4,17,02:39:40,02:40:53,0,100,0,00:01:13,round-20191208_96EaxsqT3kaciAmNS4pL9A_1575810412_17.csv,(1601x12)(1887x298),1.49
/home/itec/philipp/nobackup/fn-new-videos/StaySteezzy/20191203_LVGEo-cFCUadQHkAvIEpJA_1575346187.mp4,23,05:56:38,06:04:13,0,100,0,00:07:35,round-20191203_LVGEo-cFCUadQHkAvIEpJA_1575346187_23.csv,(1520x11)(1806x297),0.95
/home/itec/philipp/nobackup/fn-new-videos/Flopysock/20191202_HWnwd-xPGUKBZ76s3C_7Rg_1575276443.mp4,8,04:13:47,04:16:52,0,100,0,00:03:05,round-20191202_HWnwd-xPGUKBZ76s3C_7Rg_1575276443_8.csv,(1479x11)(1765x297),1.437
/home/itec/philipp/nobackup/fn-new-videos/CleverNyx/20191208_96EaxsqT3kaciAmNS4pL9A_1575810412.mp4,18,02:43:13,02:48:15,0,100,0,00:05:02,round-20191208_96EaxsqT3kaciAmNS4pL9A_1575810412_18.csv,(1601x12)(1887x298),1.49
/home/itec/philipp/nobackup/fn-new-videos/CleverNyx/20191206_oFmFoQTY-Ua2eBquel_i5A_1575665848.mp4,10,01:52:43,02:10:19,0,100,0,00:17:36,round-20191206_oFmFoQTY-Ua2eBquel_i5A_1575665848_10.csv,(1610x12)(1896x298),1.497
/home/itec/philipp/nobackup/fn-new-videos/CleverNyx/20191208_96EaxsqT3kaciAmNS4pL9A_1575810412.mp4,19,02:50:03,02:58:13,0,100,0,00:08:10,round-20191208_96EaxsqT3kaciAmNS4pL9A_1575810412_19.csv,(1601x12)(1887x298),1.49
/home/itec/philipp/nobackup/fn-new-videos/Flopysock/20191202_HWnwd-xPGUKBZ76s3C_7Rg_1575276443.mp4,9,04:22:21,04:32:35,0,100,0,00:10:14,round-20191202_HWnwd-xPGUKBZ76s3C_7Rg_1575276443_9.csv,(1479x11)(1765x297),1.437
/home/itec/philipp/nobackup/fn-new-videos/CleverNyx/20191206_oFmFoQTY-Ua2eBquel_i5A_1575665848.mp4,11,02:11:56,02:24:25,0,100,0,00:12:29,round-20191206_oFmFoQTY-Ua2eBquel_i5A_1575665848_11.csv,(1610x12)(1896x298),1.497
/home/itec/philipp/nobackup/fn-new-videos/StaySteezzy/20191203_LVGEo-cFCUadQHkAvIEpJA_1575346187.mp4,24,06:06:19,06:21:02,0,100,0,00:14:43,round-20191203_LVGEo-cFCUadQHkAvIEpJA_1575346187_24.csv,(1520x11)(1806x297),0.95
/home/itec/philipp/nobackup/fn-new-videos/Flopysock/20191202_HWnwd-xPGUKBZ76s3C_7Rg_1575276443.mp4,10,04:34:10,04:40:20,0,100,0,00:06:10,round-20191202_HWnwd-xPGUKBZ76s3C_7Rg_1575276443_10.csv,(1479x11)(1765x297),1.437
/home/itec/philipp/nobackup/fn-new-videos/Flopysock/20191202_HWnwd-xPGUKBZ76s3C_7Rg_1575276443.mp4,11,04:42:20,04:43:51,0,100,0,00:01:31,round-20191202_HWnwd-xPGUKBZ76s3C_7Rg_1575276443_11.csv,(1479x11)(1765x297),1.437
/home/itec/philipp/nobackup/fn-new-videos/CleverNyx/20191208_96EaxsqT3kaciAmNS4pL9A_1575810412.mp4,20,03:00:11,03:12:02,0,100,0,00:11:51,round-20191208_96EaxsqT3kaciAmNS4pL9A_1575810412_20.csv,(1601x12)(1887x298),1.49
/home/itec/philipp/nobackup/fn-new-videos/SmileyShyGirl89/20191130_AtHDoADYXEK3kbb2h4cYQA_1575147519.mp4,1,00:04:19,00:11:19,0,100,0,00:07:00,round-20191130_AtHDoADYXEK3kbb2h4cYQA_1575147519_1.csv,(1522x50)(1808x336),1.004
/home/itec/philipp/nobackup/fn-new-videos/StaySteezzy/20191203_LVGEo-cFCUadQHkAvIEpJA_1575346187.mp4,25,06:23:32,06:35:40,0,100,0,00:12:08,round-20191203_LVGEo-cFCUadQHkAvIEpJA_1575346187_25.csv,(1520x11)(1806x297),0.95
/home/itec/philipp/nobackup/fn-new-videos/StaySteezzy/20191203_LVGEo-cFCUadQHkAvIEpJA_1575346187.mp4,26,06:37:21,06:39:01,0,100,0,00:01:40,round-20191203_LVGEo-cFCUadQHkAvIEpJA_1575346187_26.csv,(1520x11)(1806x297),0.95
/home/itec/philipp/nobackup/fn-new-videos/Flopysock/20191202_HWnwd-xPGUKBZ76s3C_7Rg_1575276443.mp4,12,04:46:01,04:56:11,0,100,0,00:10:10,round-20191202_HWnwd-xPGUKBZ76s3C_7Rg_1575276443_12.csv,(1479x11)(1765x297),1.437
/home/itec/philipp/nobackup/fn-new-videos/StaySteezzy/20191203_LVGEo-cFCUadQHkAvIEpJA_1575346187.mp4,27,06:41:04,06:43:05,0,100,0,00:02:01,round-20191203_LVGEo-cFCUadQHkAvIEpJA_1575346187_27.csv,(1520x11)(1806x297),0.95
/home/itec/philipp/nobackup/fn-new-videos/StaySteezzy/20191203_LVGEo-cFCUadQHkAvIEpJA_1575346187.mp4,28,06:44:43,06:48:41,0,100,0,00:03:58,round-20191203_LVGEo-cFCUadQHkAvIEpJA_1575346187_28.csv,(1520x11)(1806x297),0.95
/home/itec/philipp/nobackup/fn-new-videos/SmileyShyGirl89/20191130_AtHDoADYXEK3kbb2h4cYQA_1575147519.mp4,2,00:13:22,00:31:28,0,100,0,00:18:06,round-20191130_AtHDoADYXEK3kbb2h4cYQA_1575147519_2.csv,(1522x50)(1808x336),1.004
/home/itec/philipp/nobackup/fn-new-videos/StaySteezzy/20191203_LVGEo-cFCUadQHkAvIEpJA_1575346187.mp4,29,06:50:37,06:52:14,0,100,0,00:01:37,round-20191203_LVGEo-cFCUadQHkAvIEpJA_1575346187_29.csv,(1520x11)(1806x297),0.95
/home/itec/philipp/nobackup/fn-new-videos/CleverNyx/20191208_96EaxsqT3kaciAmNS4pL9A_1575810412.mp4,21,03:14:34,03:32:06,0,100,0,00:17:32,round-20191208_96EaxsqT3kaciAmNS4pL9A_1575810412_21.csv,(1601x12)(1887x298),1.49
/home/itec/philipp/nobackup/fn-new-videos/SmileyShyGirl89/20191130_9Dt0tBy7gEiafVdU6CaYXw_1575092537.mp4,1,00:04:08,00:05:18,0,100,0,00:01:10,round-20191130_9Dt0tBy7gEiafVdU6CaYXw_1575092537_1.csv,(1522x50)(1808x336),1.004
/home/itec/philipp/nobackup/fn-new-videos/StaySteezzy/20191203_LVGEo-cFCUadQHkAvIEpJA_1575346187.mp4,30,06:56:31,06:58:47,0,100,0,00:02:16,round-20191203_LVGEo-cFCUadQHkAvIEpJA_1575346187_30.csv,(1520x11)(1806x297),0.95
/home/itec/philipp/nobackup/fn-new-videos/StaySteezzy/20191203_LVGEo-cFCUadQHkAvIEpJA_1575346187.mp4,31,07:00:25,07:02:50,0,100,0,00:02:25,round-20191203_LVGEo-cFCUadQHkAvIEpJA_1575346187_31.csv,(1520x11)(1806x297),0.95
/home/itec/philipp/nobackup/fn-new-videos/SmileyShyGirl89/20191130_9Dt0tBy7gEiafVdU6CaYXw_1575092537.mp4,2,00:15:36,00:18:25,0,100,0,00:02:49,round-20191130_9Dt0tBy7gEiafVdU6CaYXw_1575092537_2.csv,(1522x50)(1808x336),1.004
/home/itec/philipp/nobackup/fn-new-videos/Dobeyy/20191208_JaxUCPNTgUunL5ditZJSSw_1575798414.mp4,1,00:36:55,00:39:48,0,100,0,00:02:53,round-20191208_JaxUCPNTgUunL5ditZJSSw_1575798414_1.csv,(1502x11)(1788x297),1.402
/home/itec/philipp/nobackup/fn-new-videos/SmileyShyGirl89/20191130_9Dt0tBy7gEiafVdU6CaYXw_1575092537.mp4,3,00:20:01,00:29:38,0,100,0,00:09:37,round-20191130_9Dt0tBy7gEiafVdU6CaYXw_1575092537_3.csv,(1522x50)(1808x336),1.004
/home/itec/philipp/nobackup/fn-new-videos/Dobeyy/20191208_JaxUCPNTgUunL5ditZJSSw_1575798414.mp4,2,00:41:42,00:55:07,0,100,0,00:13:25,round-20191208_JaxUCPNTgUunL5ditZJSSw_1575798414_2.csv,(1502x11)(1788x297),1.402
/home/itec/philipp/nobackup/fn-new-videos/StaySteezzy/20191203_LVGEo-cFCUadQHkAvIEpJA_1575346187.mp4,32,07:04:56,07:26:08,0,100,0,00:21:12,round-20191203_LVGEo-cFCUadQHkAvIEpJA_1575346187_32.csv,(1520x11)(1806x297),0.95
/home/itec/philipp/nobackup/fn-new-videos/SmileyShyGirl89/20191130_9Dt0tBy7gEiafVdU6CaYXw_1575092537.mp4,4,00:36:17,00:49:34,0,100,0,00:13:17,round-20191130_9Dt0tBy7gEiafVdU6CaYXw_1575092537_4.csv,(1522x50)(1808x336),1.004
/home/itec/philipp/nobackup/fn-new-videos/RedMenace/20191207__kPAjoufmE6Ub2F7sZKYqA_1575723475.mp4,22,05:51:47,06:08:48,0,100,0,00:17:01,round-20191207__kPAjoufmE6Ub2F7sZKYqA_1575723475_22.csv,(1531x50)(1817x336),1.513
/home/itec/philipp/nobackup/fn-new-videos/Dobeyy/20191208_JaxUCPNTgUunL5ditZJSSw_1575798414.mp4,4,01:15:55,01:20:48,0,100,0,00:04:53,round-20191208_JaxUCPNTgUunL5ditZJSSw_1575798414_4.csv,(1502x11)(1788x297),1.402
/home/itec/philipp/nobackup/fn-new-videos/RedMenace/20191207__kPAjoufmE6Ub2F7sZKYqA_1575723475.mp4,23,06:10:52,06:22:53,0,100,0,00:12:01,round-20191207__kPAjoufmE6Ub2F7sZKYqA_1575723475_23.csv,(1531x50)(1817x336),1.513
/home/itec/philipp/nobackup/fn-new-videos/Dobeyy/20191208_JaxUCPNTgUunL5ditZJSSw_1575798414.mp4,5,01:23:24,01:30:58,0,100,0,00:07:34,round-20191208_JaxUCPNTgUunL5ditZJSSw_1575798414_5.csv,(1502x11)(1788x297),1.402
/home/itec/philipp/nobackup/fn-new-videos/RedMenace/20191207__kPAjoufmE6Ub2F7sZKYqA_1575723475.mp4,24,06:24:59,06:32:35,0,100,0,00:07:36,round-20191207__kPAjoufmE6Ub2F7sZKYqA_1575723475_24.csv,(1531x50)(1817x336),1.513
/home/itec/philipp/nobackup/fn-new-videos/RedMenace/20191207__kPAjoufmE6Ub2F7sZKYqA_1575723475.mp4,25,06:35:29,06:46:32,0,100,0,00:11:03,round-20191207__kPAjoufmE6Ub2F7sZKYqA_1575723475_25.csv,(1531x50)(1817x336),1.513
/home/itec/philipp/nobackup/fn-new-videos/Dobeyy/20191211_CnkpA2zNi0yi4vFD2abywQ_1576049150.mp4,1,00:19:31,00:41:06,0,100,0,00:21:35,round-20191211_CnkpA2zNi0yi4vFD2abywQ_1576049150_1.csv,(1527x11)(1813x297),1.43
/home/itec/philipp/nobackup/fn-new-videos/Dobeyy/20191208_JaxUCPNTgUunL5ditZJSSw_1575798414.mp4,7,02:12:02,02:15:33,0,100,0,00:03:31,round-20191208_JaxUCPNTgUunL5ditZJSSw_1575798414_7.csv,(1502x11)(1788x297),1.402
/home/itec/philipp/nobackup/fn-new-videos/Dobeyy/20191206_oSWbDRrlGkWHUy03GsJJ0w_1575616115.mp4,2,00:38:01,00:49:14,0,100,0,00:11:13,round-20191206_oSWbDRrlGkWHUy03GsJJ0w_1575616115_2.csv,(1526x51)(1812x337),1.505
/home/itec/philipp/nobackup/fn-new-videos/Dobeyy/20191204__ncpS9dwm0yDBxfq3_-w0w_1575445502.mp4,1,00:36:11,00:49:48,0,100,0,00:13:37,round-20191204__ncpS9dwm0yDBxfq3_-w0w_1575445502_1.csv,(1507x51)(1793x337),1.49
/home/itec/philipp/nobackup/fn-new-videos/Dobeyy/20191130_p4rb2sbJ2kuiVEK-8_8gXA_1575103497.mp4,2,00:35:45,00:38:51,0,100,0,00:03:06,round-20191130_p4rb2sbJ2kuiVEK-8_8gXA_1575103497_2.csv,(1525x51)(1811x337),1.505
/home/itec/philipp/nobackup/fn-new-videos/Dobeyy/20191206_oSWbDRrlGkWHUy03GsJJ0w_1575616115.mp4,3,00:55:05,01:05:06,0,100,0,00:10:01,round-20191206_oSWbDRrlGkWHUy03GsJJ0w_1575616115_3.csv,(1526x51)(1812x337),1.505
/home/itec/philipp/nobackup/fn-new-videos/Dobeyy/20191211_CnkpA2zNi0yi4vFD2abywQ_1576049150.mp4,3,00:50:14,00:58:06,0,100,0,00:07:52,round-20191211_CnkpA2zNi0yi4vFD2abywQ_1576049150_3.csv,(1527x11)(1813x297),1.43
/home/itec/philipp/nobackup/fn-new-videos/Dobeyy/20191206_oSWbDRrlGkWHUy03GsJJ0w_1575616115.mp4,4,01:15:42,01:20:13,0,100,0,00:04:31,round-20191206_oSWbDRrlGkWHUy03GsJJ0w_1575616115_4.csv,(1526x51)(1812x337),1.505
/home/itec/philipp/nobackup/fn-new-videos/Dobeyy/20191208_JaxUCPNTgUunL5ditZJSSw_1575798414.mp4,8,02:17:20,02:35:07,0,100,0,00:17:47,round-20191208_JaxUCPNTgUunL5ditZJSSw_1575798414_8.csv,(1502x11)(1788x297),1.402
/home/itec/philipp/nobackup/fn-new-videos/Dobeyy/20191206_oSWbDRrlGkWHUy03GsJJ0w_1575616115.mp4,5,01:23:00,01:25:18,0,100,0,00:02:18,round-20191206_oSWbDRrlGkWHUy03GsJJ0w_1575616115_5.csv,(1526x51)(1812x337),1.505
/home/itec/philipp/nobackup/fn-new-videos/Flopysock/20191202_HWnwd-xPGUKBZ76s3C_7Rg_1575276443.mp4,15,06:14:19,06:18:12,0,100,0,00:03:53,round-20191202_HWnwd-xPGUKBZ76s3C_7Rg_1575276443_15.csv,(1479x11)(1765x297),1.437
/home/itec/philipp/nobackup/fn-new-videos/Dobeyy/20191206_oSWbDRrlGkWHUy03GsJJ0w_1575616115.mp4,6,01:28:01,01:31:28,0,100,0,00:03:27,round-20191206_oSWbDRrlGkWHUy03GsJJ0w_1575616115_6.csv,(1526x51)(1812x337),1.505
/home/itec/philipp/nobackup/fn-new-videos/Dobeyy/20191206_oSWbDRrlGkWHUy03GsJJ0w_1575616115.mp4,7,01:34:08,01:37:00,0,100,0,00:02:52,round-20191206_oSWbDRrlGkWHUy03GsJJ0w_1575616115_7.csv,(1526x51)(1812x337),1.505
/home/itec/philipp/nobackup/fn-new-videos/Flopysock/20191202_HWnwd-xPGUKBZ76s3C_7Rg_1575276443.mp4,16,06:20:43,06:22:46,0,100,0,00:02:03,round-20191202_HWnwd-xPGUKBZ76s3C_7Rg_1575276443_16.csv,(1479x11)(1765x297),1.437
/home/itec/philipp/nobackup/fn-new-videos/Dobeyy/20191201_QwZHyJpoEUe2wbxQtephuQ_1575173844.mp4,1,00:07:05,00:20:14,0,100,0,00:13:09,round-20191201_QwZHyJpoEUe2wbxQtephuQ_1575173844_1.csv,(1523x51)(1809x337),1.505
/home/itec/philipp/nobackup/fn-new-videos/Dobeyy/20191208_JaxUCPNTgUunL5ditZJSSw_1575798414.mp4,9,02:37:44,02:52:59,0,100,0,00:15:15,round-20191208_JaxUCPNTgUunL5ditZJSSw_1575798414_9.csv,(1502x11)(1788x297),1.402
/home/itec/philipp/nobackup/fn-new-videos/Dobeyy/20191204__ncpS9dwm0yDBxfq3_-w0w_1575445502.mp4,3,01:24:07,01:28:12,0,100,0,00:04:05,round-20191204__ncpS9dwm0yDBxfq3_-w0w_1575445502_3.csv,(1507x51)(1793x337),1.49
/home/itec/philipp/nobackup/fn-new-videos/Flopysock/20191202_HWnwd-xPGUKBZ76s3C_7Rg_1575276443.mp4,17,06:24:47,06:32:49,0,100,0,00:08:02,round-20191202_HWnwd-xPGUKBZ76s3C_7Rg_1575276443_17.csv,(1479x11)(1765x297),1.437
/home/itec/philipp/nobackup/fn-new-videos/Dobeyy/20191203_xSZHgv8LvEuzusiTgbUpxA_1575333209.mp4,1,00:04:31,00:08:31,0,100,0,00:04:00,round-20191203_xSZHgv8LvEuzusiTgbUpxA_1575333209_1.csv,(1526x11)(1812x297),1.43
/home/itec/philipp/nobackup/fn-new-videos/Dobeyy/20191208_afW-2C1gTE2xl092bsxJMA_1575781587.mp4,1,00:22:41,00:39:33,0,100,0,00:16:52,round-20191208_afW-2C1gTE2xl092bsxJMA_1575781587_1.csv,(1611x33)(1897x319),1.497
/home/itec/philipp/nobackup/fn-new-videos/Dobeyy/20191211_CnkpA2zNi0yi4vFD2abywQ_1576049150.mp4,4,01:00:04,01:20:18,0,100,0,00:20:14,round-20191211_CnkpA2zNi0yi4vFD2abywQ_1576049150_4.csv,(1527x11)(1813x297),1.43
/home/itec/philipp/nobackup/fn-new-videos/Dobeyy/20191130_p4rb2sbJ2kuiVEK-8_8gXA_1575103497.mp4,4,01:07:43,01:25:38,0,100,0,00:17:55,round-20191130_p4rb2sbJ2kuiVEK-8_8gXA_1575103497_4.csv,(1525x51)(1811x337),1.505
/home/itec/philipp/nobackup/fn-new-videos/Flopysock/20191202_HWnwd-xPGUKBZ76s3C_7Rg_1575276443.mp4,18,06:34:20,06:37:17,0,100,0,00:02:57,round-20191202_HWnwd-xPGUKBZ76s3C_7Rg_1575276443_18.csv,(1479x11)(1765x297),1.437
/home/itec/philipp/nobackup/fn-new-videos/Dobeyy/20191204__ncpS9dwm0yDBxfq3_-w0w_1575445502.mp4,4,01:31:53,01:44:50,0,100,0,00:12:57,round-20191204__ncpS9dwm0yDBxfq3_-w0w_1575445502_4.csv,(1507x51)(1793x337),1.49
/home/itec/philipp/nobackup/fn-new-videos/Flopysock/20191202_HWnwd-xPGUKBZ76s3C_7Rg_1575276443.mp4,19,06:39:16,06:41:31,0,100,0,00:02:15,round-20191202_HWnwd-xPGUKBZ76s3C_7Rg_1575276443_19.csv,(1479x11)(1765x297),1.437
/home/itec/philipp/nobackup/fn-new-videos/Dobeyy/20191206_oSWbDRrlGkWHUy03GsJJ0w_1575616115.mp4,9,01:58:58,02:00:17,0,100,0,00:01:19,round-20191206_oSWbDRrlGkWHUy03GsJJ0w_1575616115_9.csv,(1526x51)(1812x337),1.505
/home/itec/philipp/nobackup/fn-new-videos/Dobeyy/20191205_47w92chcOkSwhlWtvmQeaA_1575540054.mp4,1,00:23:11,00:26:20,0,100,0,00:03:09,round-20191205_47w92chcOkSwhlWtvmQeaA_1575540054_1.csv,(1495x50)(1781x336),1.474
/home/itec/philipp/nobackup/fn-new-videos/Flopysock/20191202_HWnwd-xPGUKBZ76s3C_7Rg_1575276443.mp4,20,06:43:27,06:45:55,0,100,0,00:02:28,round-20191202_HWnwd-xPGUKBZ76s3C_7Rg_1575276443_20.csv,(1479x11)(1765x297),1.437
/home/itec/philipp/nobackup/fn-new-videos/Dobeyy/20191205_47w92chcOkSwhlWtvmQeaA_1575540054.mp4,2,00:28:24,00:32:45,0,100,0,00:04:21,round-20191205_47w92chcOkSwhlWtvmQeaA_1575540054_2.csv,(1495x50)(1781x336),1.474
/home/itec/philipp/nobackup/fn-new-videos/Dobeyy/20191201_QwZHyJpoEUe2wbxQtephuQ_1575173844.mp4,2,00:25:37,00:46:09,0,100,0,00:20:32,round-20191201_QwZHyJpoEUe2wbxQtephuQ_1575173844_2.csv,(1523x51)(1809x337),1.505
/home/itec/philipp/nobackup/fn-new-videos/Dobeyy/20191208_afW-2C1gTE2xl092bsxJMA_1575781587.mp4,2,00:42:47,00:52:37,0,100,0,00:09:50,round-20191208_afW-2C1gTE2xl092bsxJMA_1575781587_2.csv,(1611x33)(1897x319),1.497
/home/itec/philipp/nobackup/fn-new-videos/Flopysock/20191202_HWnwd-xPGUKBZ76s3C_7Rg_1575276443.mp4,21,06:47:53,06:50:47,0,100,0,00:02:54,round-20191202_HWnwd-xPGUKBZ76s3C_7Rg_1575276443_21.csv,(1479x11)(1765x297),1.437
/home/itec/philipp/nobackup/fn-new-videos/Dobeyy/20191130_p4rb2sbJ2kuiVEK-8_8gXA_1575103497.mp4,5,01:31:07,01:43:49,0,100,0,00:12:42,round-20191130_p4rb2sbJ2kuiVEK-8_8gXA_1575103497_5.csv,(1525x51)(1811x337),1.505
/home/itec/philipp/nobackup/fn-new-videos/Flopysock/20191202_HWnwd-xPGUKBZ76s3C_7Rg_1575276443.mp4,22,06:52:43,06:55:03,0,100,0,00:02:20,round-20191202_HWnwd-xPGUKBZ76s3C_7Rg_1575276443_22.csv,(1479x11)(1765x297),1.437
/home/itec/philipp/nobackup/fn-new-videos/Dobeyy/20191201_QwZHyJpoEUe2wbxQtephuQ_1575173844.mp4,3,00:54:29,01:03:05,0,100,0,00:08:36,round-20191201_QwZHyJpoEUe2wbxQtephuQ_1575173844_3.csv,(1523x51)(1809x337),1.505
/home/itec/philipp/nobackup/fn-new-videos/Dobeyy/20191205_47w92chcOkSwhlWtvmQeaA_1575540054.mp4,3,00:37:46,00:50:06,0,100,0,00:12:20,round-20191205_47w92chcOkSwhlWtvmQeaA_1575540054_3.csv,(1495x50)(1781x336),1.474
/home/itec/philipp/nobackup/fn-new-videos/Dobeyy/20191205_47w92chcOkSwhlWtvmQeaA_1575540054.mp4,4,00:51:54,00:54:58,0,100,0,00:03:04,round-20191205_47w92chcOkSwhlWtvmQeaA_1575540054_4.csv,(1495x50)(1781x336),1.474
/home/itec/philipp/nobackup/fn-new-videos/Dobeyy/20191208_JaxUCPNTgUunL5ditZJSSw_1575798414.mp4,11,03:17:27,03:36:49,0,100,0,00:19:22,round-20191208_JaxUCPNTgUunL5ditZJSSw_1575798414_11.csv,(1502x11)(1788x297),1.402
/home/itec/philipp/nobackup/fn-new-videos/Dobeyy/20191205_47w92chcOkSwhlWtvmQeaA_1575540054.mp4,5,00:57:01,00:59:28,0,100,0,00:02:27,round-20191205_47w92chcOkSwhlWtvmQeaA_1575540054_5.csv,(1495x50)(1781x336),1.474
/home/itec/philipp/nobackup/fn-new-videos/Dobeyy/20191130_p4rb2sbJ2kuiVEK-8_8gXA_1575103497.mp4,6,01:46:19,02:00:10,0,100,0,00:13:51,round-20191130_p4rb2sbJ2kuiVEK-8_8gXA_1575103497_6.csv,(1525x51)(1811x337),1.505
/home/itec/philipp/nobackup/fn-new-videos/Dobeyy/20191206_oSWbDRrlGkWHUy03GsJJ0w_1575616115.mp4,10,02:01:59,02:22:03,0,100,0,00:20:04,round-20191206_oSWbDRrlGkWHUy03GsJJ0w_1575616115_10.csv,(1526x51)(1812x337),1.505
/home/itec/philipp/nobackup/fn-new-videos/Dobeyy/20191205_47w92chcOkSwhlWtvmQeaA_1575540054.mp4,6,01:03:07,01:11:12,0,100,0,00:08:05,round-20191205_47w92chcOkSwhlWtvmQeaA_1575540054_6.csv,(1495x50)(1781x336),1.474
/home/itec/philipp/nobackup/fn-new-videos/Flopysock/20191202_HWnwd-xPGUKBZ76s3C_7Rg_1575276443.mp4,23,06:57:06,07:06:32,0,100,0,00:09:26,round-20191202_HWnwd-xPGUKBZ76s3C_7Rg_1575276443_23.csv,(1479x11)(1765x297),1.437
/home/itec/philipp/nobackup/fn-new-videos/Dobeyy/20191130_p4rb2sbJ2kuiVEK-8_8gXA_1575103497.mp4,7,02:01:50,02:11:44,0,100,0,00:09:54,round-20191130_p4rb2sbJ2kuiVEK-8_8gXA_1575103497_7.csv,(1525x51)(1811x337),1.505
/home/itec/philipp/nobackup/fn-new-videos/Dobeyy/20191130_p4rb2sbJ2kuiVEK-8_8gXA_1575103497.mp4,8,02:17:02,02:20:15,0,100,0,00:03:13,round-20191130_p4rb2sbJ2kuiVEK-8_8gXA_1575103497_8.csv,(1525x51)(1811x337),1.505
/home/itec/philipp/nobackup/fn-new-videos/Dobeyy/20191211_CnkpA2zNi0yi4vFD2abywQ_1576049150.mp4,6,01:48:01,01:58:36,0,100,0,00:10:35,round-20191211_CnkpA2zNi0yi4vFD2abywQ_1576049150_6.csv,(1527x11)(1813x297),1.43
/home/itec/philipp/nobackup/fn-new-videos/Dobeyy/20191206_oSWbDRrlGkWHUy03GsJJ0w_1575616115.mp4,12,02:28:53,02:31:53,0,100,0,00:03:00,round-20191206_oSWbDRrlGkWHUy03GsJJ0w_1575616115_12.csv,(1526x51)(1812x337),1.505
/home/itec/philipp/nobackup/fn-new-videos/Dobeyy/20191130_p4rb2sbJ2kuiVEK-8_8gXA_1575103497.mp4,9,02:23:50,02:25:58,0,100,0,00:02:08,round-20191130_p4rb2sbJ2kuiVEK-8_8gXA_1575103497_9.csv,(1525x51)(1811x337),1.505
/home/itec/philipp/nobackup/fn-new-videos/Flopysock/20191202_HWnwd-xPGUKBZ76s3C_7Rg_1575276443.mp4,24,07:09:05,07:15:05,0,100,0,00:06:00,round-20191202_HWnwd-xPGUKBZ76s3C_7Rg_1575276443_24.csv,(1479x11)(1765x297),1.437
/home/itec/philipp/nobackup/fn-new-videos/Dobeyy/20191206_oSWbDRrlGkWHUy03GsJJ0w_1575616115.mp4,13,02:36:08,02:37:54,0,100,0,00:01:46,round-20191206_oSWbDRrlGkWHUy03GsJJ0w_1575616115_13.csv,(1526x51)(1812x337),1.505
/home/itec/philipp/nobackup/fn-new-videos/Mufffinz/20191130_qONTrtE_VkmWsaWg1YZDuA_1575151268.mp4,1,00:26:39,00:29:47,0,100,0,00:03:08,round-20191130_qONTrtE_VkmWsaWg1YZDuA_1575151268_1.csv,(1513x49)(1799x335),0.997
/home/itec/philipp/nobackup/fn-new-videos/Dobeyy/20191205_47w92chcOkSwhlWtvmQeaA_1575540054.mp4,7,01:15:45,01:35:28,0,100,0,00:19:43,round-20191205_47w92chcOkSwhlWtvmQeaA_1575540054_7.csv,(1495x50)(1781x336),1.474
/home/itec/philipp/nobackup/fn-new-videos/Flopysock/20191202_HWnwd-xPGUKBZ76s3C_7Rg_1575276443.mp4,25,07:18:18,07:28:01,0,100,0,00:09:43,round-20191202_HWnwd-xPGUKBZ76s3C_7Rg_1575276443_25.csv,(1479x11)(1765x297),1.437
/home/itec/philipp/nobackup/fn-new-videos/Dobeyy/20191208_JaxUCPNTgUunL5ditZJSSw_1575798414.mp4,13,04:01:00,04:11:43,0,100,0,00:10:43,round-20191208_JaxUCPNTgUunL5ditZJSSw_1575798414_13.csv,(1502x11)(1788x297),1.402
/home/itec/philipp/nobackup/fn-new-videos/Dobeyy/20191205_47w92chcOkSwhlWtvmQeaA_1575540054.mp4,8,01:37:47,01:44:34,0,100,0,00:06:47,round-20191205_47w92chcOkSwhlWtvmQeaA_1575540054_8.csv,(1495x50)(1781x336),1.474
/home/itec/philipp/nobackup/fn-new-videos/Dobeyy/20191211_CnkpA2zNi0yi4vFD2abywQ_1576049150.mp4,7,02:01:18,02:20:16,0,100,0,00:18:58,round-20191211_CnkpA2zNi0yi4vFD2abywQ_1576049150_7.csv,(1527x11)(1813x297),1.43
/home/itec/philipp/nobackup/fn-new-videos/Dobeyy/20191206_oSWbDRrlGkWHUy03GsJJ0w_1575616115.mp4,14,02:39:39,02:58:57,0,100,0,00:19:18,round-20191206_oSWbDRrlGkWHUy03GsJJ0w_1575616115_14.csv,(1526x51)(1812x337),1.505
/home/itec/philipp/nobackup/fn-new-videos/Dobeyy/20191130_p4rb2sbJ2kuiVEK-8_8gXA_1575103497.mp4,11,02:43:08,02:45:57,0,100,0,00:02:49,round-20191130_p4rb2sbJ2kuiVEK-8_8gXA_1575103497_11.csv,(1525x51)(1811x337),1.505
/home/itec/philipp/nobackup/fn-new-videos/Dobeyy/20191206_oSWbDRrlGkWHUy03GsJJ0w_1575616115.mp4,15,03:15:47,03:18:53,0,100,0,00:03:06,round-20191206_oSWbDRrlGkWHUy03GsJJ0w_1575616115_15.csv,(1526x51)(1812x337),1.505
/home/itec/philipp/nobackup/fn-new-videos/Dobeyy/20191205_47w92chcOkSwhlWtvmQeaA_1575540054.mp4,10,01:52:01,01:57:07,0,100,0,00:05:06,round-20191205_47w92chcOkSwhlWtvmQeaA_1575540054_10.csv,(1495x50)(1781x336),1.474
/home/itec/philipp/nobackup/fn-new-videos/Dobeyy/20191201_QwZHyJpoEUe2wbxQtephuQ_1575173844.mp4,6,01:57:43,02:07:48,0,100,0,00:10:05,round-20191201_QwZHyJpoEUe2wbxQtephuQ_1575173844_6.csv,(1523x51)(1809x337),1.505
/home/itec/philipp/nobackup/fn-new-videos/Mufffinz/20191130_qONTrtE_VkmWsaWg1YZDuA_1575151268.mp4,2,00:31:18,00:49:47,0,100,0,00:18:29,round-20191130_qONTrtE_VkmWsaWg1YZDuA_1575151268_2.csv,(1513x49)(1799x335),0.997
/home/itec/philipp/nobackup/fn-new-videos/Flopysock/20191202_HWnwd-xPGUKBZ76s3C_7Rg_1575276443.mp4,26,07:29:49,07:40:14,0,100,0,00:10:25,round-20191202_HWnwd-xPGUKBZ76s3C_7Rg_1575276443_26.csv,(1479x11)(1765x297),1.437
/home/itec/philipp/nobackup/fn-new-videos/Dobeyy/20191211_CnkpA2zNi0yi4vFD2abywQ_1576049150.mp4,8,02:23:26,02:35:40,0,100,0,00:12:14,round-20191211_CnkpA2zNi0yi4vFD2abywQ_1576049150_8.csv,(1527x11)(1813x297),1.43
/home/itec/philipp/nobackup/fn-new-videos/Dobeyy/20191201_QwZHyJpoEUe2wbxQtephuQ_1575173844.mp4,7,02:11:26,02:16:12,0,100,0,00:04:46,round-20191201_QwZHyJpoEUe2wbxQtephuQ_1575173844_7.csv,(1523x51)(1809x337),1.505
/home/itec/philipp/nobackup/fn-new-videos/Dobeyy/20191208_JaxUCPNTgUunL5ditZJSSw_1575798414.mp4,14,04:14:12,04:30:56,0,100,0,00:16:44,round-20191208_JaxUCPNTgUunL5ditZJSSw_1575798414_14.csv,(1502x11)(1788x297),1.402
/home/itec/philipp/nobackup/fn-new-videos/Dobeyy/20191130_p4rb2sbJ2kuiVEK-8_8gXA_1575103497.mp4,12,02:49:20,03:06:48,0,100,0,00:17:28,round-20191130_p4rb2sbJ2kuiVEK-8_8gXA_1575103497_12.csv,(1525x51)(1811x337),1.505
/home/itec/philipp/nobackup/fn-new-videos/Dobeyy/20191208_JaxUCPNTgUunL5ditZJSSw_1575798414.mp4,15,04:32:43,04:36:41,0,100,0,00:03:58,round-20191208_JaxUCPNTgUunL5ditZJSSw_1575798414_15.csv,(1502x11)(1788x297),1.402
/home/itec/philipp/nobackup/fn-new-videos/Dobeyy/20191211_CnkpA2zNi0yi4vFD2abywQ_1576049150.mp4,9,02:38:53,02:44:10,0,100,0,00:05:17,round-20191211_CnkpA2zNi0yi4vFD2abywQ_1576049150_9.csv,(1527x11)(1813x297),1.43
/home/itec/philipp/nobackup/fn-new-videos/Dobeyy/20191205_47w92chcOkSwhlWtvmQeaA_1575540054.mp4,11,02:00:44,02:20:10,0,100,0,00:19:26,round-20191205_47w92chcOkSwhlWtvmQeaA_1575540054_11.csv,(1495x50)(1781x336),1.474
/home/itec/philipp/nobackup/fn-new-videos/Dobeyy/20191206_oSWbDRrlGkWHUy03GsJJ0w_1575616115.mp4,17,03:27:25,03:41:01,0,100,0,00:13:36,round-20191206_oSWbDRrlGkWHUy03GsJJ0w_1575616115_17.csv,(1526x51)(1812x337),1.505
/home/itec/philipp/nobackup/fn-new-videos/Dobeyy/20191205_47w92chcOkSwhlWtvmQeaA_1575540054.mp4,12,02:24:03,02:26:09,0,100,0,00:02:06,round-20191205_47w92chcOkSwhlWtvmQeaA_1575540054_12.csv,(1495x50)(1781x336),1.474
/home/itec/philipp/nobackup/fn-new-videos/Dobeyy/20191206_oSWbDRrlGkWHUy03GsJJ0w_1575616115.mp4,18,03:43:02,03:45:18,0,100,0,00:02:16,round-20191206_oSWbDRrlGkWHUy03GsJJ0w_1575616115_18.csv,(1526x51)(1812x337),1.505
/home/itec/philipp/nobackup/fn-new-videos/Dobeyy/20191206_oSWbDRrlGkWHUy03GsJJ0w_1575616115.mp4,19,03:47:30,03:50:50,0,100,0,00:03:20,round-20191206_oSWbDRrlGkWHUy03GsJJ0w_1575616115_19.csv,(1526x51)(1812x337),1.505
/home/itec/philipp/nobackup/fn-new-videos/Dobeyy/20191130_p4rb2sbJ2kuiVEK-8_8gXA_1575103497.mp4,13,03:14:41,03:30:38,0,100,0,00:15:57,round-20191130_p4rb2sbJ2kuiVEK-8_8gXA_1575103497_13.csv,(1525x51)(1811x337),1.505
/home/itec/philipp/nobackup/fn-new-videos/Dobeyy/20191206_oSWbDRrlGkWHUy03GsJJ0w_1575616115.mp4,20,03:53:19,03:55:18,0,100,0,00:01:59,round-20191206_oSWbDRrlGkWHUy03GsJJ0w_1575616115_20.csv,(1526x51)(1812x337),1.505
/home/itec/philipp/nobackup/fn-new-videos/Flopysock/20191202_HWnwd-xPGUKBZ76s3C_7Rg_1575276443.mp4,27,08:01:18,08:16:36,0,100,0,00:15:18,round-20191202_HWnwd-xPGUKBZ76s3C_7Rg_1575276443_27.csv,(1479x11)(1765x297),1.437
/home/itec/philipp/nobackup/fn-new-videos/Dobeyy/20191201_QwZHyJpoEUe2wbxQtephuQ_1575173844.mp4,8,02:18:14,02:39:21,0,100,0,00:21:07,round-20191201_QwZHyJpoEUe2wbxQtephuQ_1575173844_8.csv,(1523x51)(1809x337),1.505
/home/itec/philipp/nobackup/fn-new-videos/Dobeyy/20191205_47w92chcOkSwhlWtvmQeaA_1575540054.mp4,13,02:30:54,02:43:24,0,100,0,00:12:30,round-20191205_47w92chcOkSwhlWtvmQeaA_1575540054_13.csv,(1495x50)(1781x336),1.474
/home/itec/philipp/nobackup/fn-new-videos/Dobeyy/20191206_oSWbDRrlGkWHUy03GsJJ0w_1575616115.mp4,21,03:56:54,04:01:06,0,100,0,00:04:12,round-20191206_oSWbDRrlGkWHUy03GsJJ0w_1575616115_21.csv,(1526x51)(1812x337),1.505
/home/itec/philipp/nobackup/fn-new-videos/Mufffinz/20191210_QjvNrb9M7kCG1Nxh1yqXng_1576005552.mp4,1,00:24:49,00:29:03,0,100,0,00:04:14,round-20191210_QjvNrb9M7kCG1Nxh1yqXng_1576005552_1.csv,(1528x50)(1814x336),1.007
/home/itec/philipp/nobackup/fn-new-videos/Dobeyy/20191211_CnkpA2zNi0yi4vFD2abywQ_1576049150.mp4,11,03:10:47,03:14:13,0,100,0,00:03:26,round-20191211_CnkpA2zNi0yi4vFD2abywQ_1576049150_11.csv,(1527x11)(1813x297),1.43
/home/itec/philipp/nobackup/fn-new-videos/Dobeyy/20191130_p4rb2sbJ2kuiVEK-8_8gXA_1575103497.mp4,14,03:32:31,03:44:28,0,100,0,00:11:57,round-20191130_p4rb2sbJ2kuiVEK-8_8gXA_1575103497_14.csv,(1525x51)(1811x337),1.505
/home/itec/philipp/nobackup/fn-new-videos/Mufffinz/20191210_QjvNrb9M7kCG1Nxh1yqXng_1576005552.mp4,2,00:31:04,00:34:04,0,100,0,00:03:00,round-20191210_QjvNrb9M7kCG1Nxh1yqXng_1576005552_2.csv,(1528x50)(1814x336),1.007
/home/itec/philipp/nobackup/fn-new-videos/Mufffinz/20191130_qONTrtE_VkmWsaWg1YZDuA_1575151268.mp4,4,01:24:04,01:40:46,0,100,0,00:16:42,round-20191130_qONTrtE_VkmWsaWg1YZDuA_1575151268_4.csv,(1513x49)(1799x335),0.997
/home/itec/philipp/nobackup/fn-new-videos/Mufffinz/20191204_PhtOidhlP0muIdN_nVjE6w_1575484448.mp4,1,00:17:06,00:22:53,0,100,0,00:05:47,round-20191204_PhtOidhlP0muIdN_nVjE6w_1575484448_1.csv,(1522x49)(1808x335),1.004
/home/itec/philipp/nobackup/fn-new-videos/Dobeyy/20191201_QwZHyJpoEUe2wbxQtephuQ_1575173844.mp4,9,02:46:06,03:06:03,0,100,0,00:19:57,round-20191201_QwZHyJpoEUe2wbxQtephuQ_1575173844_9.csv,(1523x51)(1809x337),1.505
/home/itec/philipp/nobackup/fn-new-videos/Mufffinz/20191204_PhtOidhlP0muIdN_nVjE6w_1575484448.mp4,2,00:24:30,00:26:09,0,100,0,00:01:39,round-20191204_PhtOidhlP0muIdN_nVjE6w_1575484448_2.csv,(1522x49)(1808x335),1.004
/home/itec/philipp/nobackup/fn-new-videos/Mufffinz/20191210_QjvNrb9M7kCG1Nxh1yqXng_1576005552.mp4,3,00:36:01,00:44:46,0,100,0,00:08:45,round-20191210_QjvNrb9M7kCG1Nxh1yqXng_1576005552_3.csv,(1528x50)(1814x336),1.007
/home/itec/philipp/nobackup/fn-new-videos/Mufffinz/20191130_qONTrtE_VkmWsaWg1YZDuA_1575151268.mp4,5,02:08:08,02:13:53,0,100,0,00:05:45,round-20191130_qONTrtE_VkmWsaWg1YZDuA_1575151268_5.csv,(1513x49)(1799x335),0.997
/home/itec/philipp/nobackup/fn-new-videos/Mufffinz/20191204_PhtOidhlP0muIdN_nVjE6w_1575484448.mp4,3,00:30:40,00:39:40,0,100,0,00:09:00,round-20191204_PhtOidhlP0muIdN_nVjE6w_1575484448_3.csv,(1522x49)(1808x335),1.004
/home/itec/philipp/nobackup/fn-new-videos/Dobeyy/20191130_p4rb2sbJ2kuiVEK-8_8gXA_1575103497.mp4,15,03:46:18,04:05:31,0,100,0,00:19:13,round-20191130_p4rb2sbJ2kuiVEK-8_8gXA_1575103497_15.csv,(1525x51)(1811x337),1.505
/home/itec/philipp/nobackup/fn-new-videos/Dobeyy/20191206_oSWbDRrlGkWHUy03GsJJ0w_1575616115.mp4,23,05:16:59,05:22:16,0,100,0,00:05:17,round-20191206_oSWbDRrlGkWHUy03GsJJ0w_1575616115_23.csv,(1526x51)(1812x337),1.505
/home/itec/philipp/nobackup/fn-new-videos/Dobeyy/20191211_CnkpA2zNi0yi4vFD2abywQ_1576049150.mp4,13,03:40:39,03:42:21,0,100,0,00:01:42,round-20191211_CnkpA2zNi0yi4vFD2abywQ_1576049150_13.csv,(1527x11)(1813x297),1.43
/home/itec/philipp/nobackup/fn-new-videos/Mufffinz/20191204_PhtOidhlP0muIdN_nVjE6w_1575484448.mp4,4,00:43:43,00:48:13,0,100,0,00:04:30,round-20191204_PhtOidhlP0muIdN_nVjE6w_1575484448_4.csv,(1522x49)(1808x335),1.004
/home/itec/philipp/nobackup/fn-new-videos/Dobeyy/20191205_47w92chcOkSwhlWtvmQeaA_1575540054.mp4,15,03:04:43,03:23:49,0,100,0,00:19:06,round-20191205_47w92chcOkSwhlWtvmQeaA_1575540054_15.csv,(1495x50)(1781x336),1.474
/home/itec/philipp/nobackup/fn-new-videos/Mufffinz/20191203_zu4WUaIof0OHhWjopbaFRg_1575389889.mp4,1,00:19:54,00:24:28,0,100,0,00:04:34,round-20191203_zu4WUaIof0OHhWjopbaFRg_1575389889_1.csv,(1517x48)(1803x334),1
/home/itec/philipp/nobackup/fn-new-videos/Mufffinz/20191209_Yl4LrLk8x0-sCBJ5syUPlw_1575874178.mp4,1,00:21:10,00:30:50,0,100,0,00:09:40,round-20191209_Yl4LrLk8x0-sCBJ5syUPlw_1575874178_1.csv,(1528x50)(1814x336),1.007
/home/itec/philipp/nobackup/fn-new-videos/Mufffinz/20191203_zu4WUaIof0OHhWjopbaFRg_1575389889.mp4,2,00:32:35,00:34:23,0,100,0,00:01:48,round-20191203_zu4WUaIof0OHhWjopbaFRg_1575389889_2.csv,(1517x48)(1803x334),1
/home/itec/philipp/nobackup/fn-new-videos/Mufffinz/20191130_qONTrtE_VkmWsaWg1YZDuA_1575151268.mp4,6,02:18:42,02:31:04,0,100,0,00:12:22,round-20191130_qONTrtE_VkmWsaWg1YZDuA_1575151268_6.csv,(1513x49)(1799x335),0.997
/home/itec/philipp/nobackup/fn-new-videos/Dobeyy/20191206_oSWbDRrlGkWHUy03GsJJ0w_1575616115.mp4,24,05:26:42,05:39:34,0,100,0,00:12:52,round-20191206_oSWbDRrlGkWHUy03GsJJ0w_1575616115_24.csv,(1526x51)(1812x337),1.505
/home/itec/philipp/nobackup/fn-new-videos/Mufffinz/20191204_PhtOidhlP0muIdN_nVjE6w_1575484448.mp4,6,00:55:45,00:59:46,0,100,0,00:04:01,round-20191204_PhtOidhlP0muIdN_nVjE6w_1575484448_6.csv,(1522x49)(1808x335),1.004
/home/itec/philipp/nobackup/fn-new-videos/Dobeyy/20191206_oSWbDRrlGkWHUy03GsJJ0w_1575616115.mp4,25,05:43:26,05:47:32,0,100,0,00:04:06,round-20191206_oSWbDRrlGkWHUy03GsJJ0w_1575616115_25.csv,(1526x51)(1812x337),1.505
/home/itec/philipp/nobackup/fn-new-videos/Mufffinz/20191210_QjvNrb9M7kCG1Nxh1yqXng_1576005552.mp4,5,01:09:41,01:13:29,0,100,0,00:03:48,round-20191210_QjvNrb9M7kCG1Nxh1yqXng_1576005552_5.csv,(1528x50)(1814x336),1.007
/home/itec/philipp/nobackup/fn-new-videos/Mufffinz/20191204_PhtOidhlP0muIdN_nVjE6w_1575484448.mp4,7,01:01:33,01:12:58,0,100,0,00:11:25,round-20191204_PhtOidhlP0muIdN_nVjE6w_1575484448_7.csv,(1522x49)(1808x335),1.004
/home/itec/philipp/nobackup/fn-new-videos/Dobeyy/20191211_CnkpA2zNi0yi4vFD2abywQ_1576049150.mp4,14,03:44:45,04:05:47,0,100,0,00:21:02,round-20191211_CnkpA2zNi0yi4vFD2abywQ_1576049150_14.csv,(1527x11)(1813x297),1.43
/home/itec/philipp/nobackup/fn-new-videos/Mufffinz/20191204_PhtOidhlP0muIdN_nVjE6w_1575484448.mp4,8,01:15:03,01:15:56,0,100,0,00:00:53,round-20191204_PhtOidhlP0muIdN_nVjE6w_1575484448_8.csv,(1522x49)(1808x335),1.004
/home/itec/philipp/nobackup/fn-new-videos/Dobeyy/20191206_oSWbDRrlGkWHUy03GsJJ0w_1575616115.mp4,26,05:49:16,06:05:21,0,100,0,00:16:05,round-20191206_oSWbDRrlGkWHUy03GsJJ0w_1575616115_26.csv,(1526x51)(1812x337),1.505
/home/itec/philipp/nobackup/fn-new-videos/Dobeyy/20191130_p4rb2sbJ2kuiVEK-8_8gXA_1575103497.mp4,18,04:58:22,05:01:38,0,100,0,00:03:16,round-20191130_p4rb2sbJ2kuiVEK-8_8gXA_1575103497_18.csv,(1525x51)(1811x337),1.505
/home/itec/philipp/nobackup/fn-new-videos/Mufffinz/20191130_qONTrtE_VkmWsaWg1YZDuA_1575151268.mp4,7,02:33:36,02:51:23,0,100,0,00:17:47,round-20191130_qONTrtE_VkmWsaWg1YZDuA_1575151268_7.csv,(1513x49)(1799x335),0.997
/home/itec/philipp/nobackup/fn-new-videos/Dobeyy/20191206_oSWbDRrlGkWHUy03GsJJ0w_1575616115.mp4,27,06:07:10,06:10:15,0,100,0,00:03:05,round-20191206_oSWbDRrlGkWHUy03GsJJ0w_1575616115_27.csv,(1526x51)(1812x337),1.505
/home/itec/philipp/nobackup/fn-new-videos/Mufffinz/20191204_PhtOidhlP0muIdN_nVjE6w_1575484448.mp4,9,01:18:32,01:23:30,0,100,0,00:04:58,round-20191204_PhtOidhlP0muIdN_nVjE6w_1575484448_9.csv,(1522x49)(1808x335),1.004
/home/itec/philipp/nobackup/fn-new-videos/Mufffinz/20191130_qONTrtE_VkmWsaWg1YZDuA_1575151268.mp4,8,02:56:19,02:59:18,0,100,0,00:02:59,round-20191130_qONTrtE_VkmWsaWg1YZDuA_1575151268_8.csv,(1513x49)(1799x335),0.997
/home/itec/philipp/nobackup/fn-new-videos/Dobeyy/20191211_CnkpA2zNi0yi4vFD2abywQ_1576049150.mp4,15,04:08:46,04:17:45,0,100,0,00:08:59,round-20191211_CnkpA2zNi0yi4vFD2abywQ_1576049150_15.csv,(1527x11)(1813x297),1.43
/home/itec/philipp/nobackup/fn-new-videos/Mufffinz/20191209_Yl4LrLk8x0-sCBJ5syUPlw_1575874178.mp4,2,01:00:04,01:17:20,0,100,0,00:17:16,round-20191209_Yl4LrLk8x0-sCBJ5syUPlw_1575874178_2.csv,(1528x50)(1814x336),1.007
/home/itec/philipp/nobackup/fn-new-videos/Dobeyy/20191130_p4rb2sbJ2kuiVEK-8_8gXA_1575103497.mp4,19,05:03:13,05:13:37,0,100,0,00:10:24,round-20191130_p4rb2sbJ2kuiVEK-8_8gXA_1575103497_19.csv,(1525x51)(1811x337),1.505
/home/itec/philipp/nobackup/fn-new-videos/Mufffinz/20191130_qONTrtE_VkmWsaWg1YZDuA_1575151268.mp4,9,03:00:54,03:03:38,0,100,0,00:02:44,round-20191130_qONTrtE_VkmWsaWg1YZDuA_1575151268_9.csv,(1513x49)(1799x335),0.997
/home/itec/philipp/nobackup/fn-new-videos/Mufffinz/20191209_Yl4LrLk8x0-sCBJ5syUPlw_1575874178.mp4,3,01:18:56,01:21:33,0,100,0,00:02:37,round-20191209_Yl4LrLk8x0-sCBJ5syUPlw_1575874178_3.csv,(1528x50)(1814x336),1.007
/home/itec/philipp/nobackup/fn-new-videos/Mufffinz/20191203_zu4WUaIof0OHhWjopbaFRg_1575389889.mp4,3,00:56:21,01:20:05,0,100,0,00:23:44,round-20191203_zu4WUaIof0OHhWjopbaFRg_1575389889_3.csv,(1517x48)(1803x334),1
/home/itec/philipp/nobackup/fn-new-videos/Dobeyy/20191206_oSWbDRrlGkWHUy03GsJJ0w_1575616115.mp4,28,06:19:08,06:32:25,0,100,0,00:13:17,round-20191206_oSWbDRrlGkWHUy03GsJJ0w_1575616115_28.csv,(1526x51)(1812x337),1.505
/home/itec/philipp/nobackup/fn-new-videos/Mufffinz/20191209_Yl4LrLk8x0-sCBJ5syUPlw_1575874178.mp4,4,01:23:19,01:27:57,0,100,0,00:04:38,round-20191209_Yl4LrLk8x0-sCBJ5syUPlw_1575874178_4.csv,(1528x50)(1814x336),1.007
/home/itec/philipp/nobackup/fn-new-videos/Mufffinz/20191203_zu4WUaIof0OHhWjopbaFRg_1575389889.mp4,4,01:21:46,01:26:20,0,100,0,00:04:34,round-20191203_zu4WUaIof0OHhWjopbaFRg_1575389889_4.csv,(1517x48)(1803x334),1
/home/itec/philipp/nobackup/fn-new-videos/Mufffinz/20191210_QjvNrb9M7kCG1Nxh1yqXng_1576005552.mp4,8,01:28:38,01:44:49,0,100,0,00:16:11,round-20191210_QjvNrb9M7kCG1Nxh1yqXng_1576005552_8.csv,(1528x50)(1814x336),1.007
/home/itec/philipp/nobackup/fn-new-videos/Mufffinz/20191204_PhtOidhlP0muIdN_nVjE6w_1575484448.mp4,10,01:25:26,01:40:14,0,100,0,00:14:48,round-20191204_PhtOidhlP0muIdN_nVjE6w_1575484448_10.csv,(1522x49)(1808x335),1.004
/home/itec/philipp/nobackup/fn-new-videos/Dobeyy/20191211_CnkpA2zNi0yi4vFD2abywQ_1576049150.mp4,17,04:33:32,04:36:31,0,100,0,00:02:59,round-20191211_CnkpA2zNi0yi4vFD2abywQ_1576049150_17.csv,(1527x11)(1813x297),1.43
/home/itec/philipp/nobackup/fn-new-videos/Mufffinz/20191130_qONTrtE_VkmWsaWg1YZDuA_1575151268.mp4,10,03:05:08,03:17:44,0,100,0,00:12:36,round-20191130_qONTrtE_VkmWsaWg1YZDuA_1575151268_10.csv,(1513x49)(1799x335),0.997
/home/itec/philipp/nobackup/fn-new-videos/Dobeyy/20191211_CnkpA2zNi0yi4vFD2abywQ_1576049150.mp4,18,04:38:42,04:40:30,0,100,0,00:01:48,round-20191211_CnkpA2zNi0yi4vFD2abywQ_1576049150_18.csv,(1527x11)(1813x297),1.43
/home/itec/philipp/nobackup/fn-new-videos/Dobeyy/20191206_oSWbDRrlGkWHUy03GsJJ0w_1575616115.mp4,30,06:38:54,06:40:55,0,100,0,00:02:01,round-20191206_oSWbDRrlGkWHUy03GsJJ0w_1575616115_30.csv,(1526x51)(1812x337),1.505
/home/itec/philipp/nobackup/fn-new-videos/Mufffinz/20191203_zu4WUaIof0OHhWjopbaFRg_1575389889.mp4,5,01:28:05,01:34:54,0,100,0,00:06:49,round-20191203_zu4WUaIof0OHhWjopbaFRg_1575389889_5.csv,(1517x48)(1803x334),1
/home/itec/philipp/nobackup/fn-new-videos/Mufffinz/20191210_QjvNrb9M7kCG1Nxh1yqXng_1576005552.mp4,9,01:48:54,02:02:12,0,100,0,00:13:18,round-20191210_QjvNrb9M7kCG1Nxh1yqXng_1576005552_9.csv,(1528x50)(1814x336),1.007
/home/itec/philipp/nobackup/fn-new-videos/Mufffinz/20191203_zu4WUaIof0OHhWjopbaFRg_1575389889.mp4,6,01:48:27,01:56:47,0,100,0,00:08:20,round-20191203_zu4WUaIof0OHhWjopbaFRg_1575389889_6.csv,(1517x48)(1803x334),1
/home/itec/philipp/nobackup/fn-new-videos/Mufffinz/20191130_qONTrtE_VkmWsaWg1YZDuA_1575151268.mp4,11,03:19:21,03:33:33,0,100,0,00:14:12,round-20191130_qONTrtE_VkmWsaWg1YZDuA_1575151268_11.csv,(1513x49)(1799x335),0.997
/home/itec/philipp/nobackup/fn-new-videos/Mufffinz/20191209_Yl4LrLk8x0-sCBJ5syUPlw_1575874178.mp4,6,01:34:08,01:46:25,0,100,0,00:12:17,round-20191209_Yl4LrLk8x0-sCBJ5syUPlw_1575874178_6.csv,(1528x50)(1814x336),1.007
/home/itec/philipp/nobackup/fn-new-videos/Dobeyy/20191130_p4rb2sbJ2kuiVEK-8_8gXA_1575103497.mp4,22,05:50:29,05:53:08,0,100,0,00:02:39,round-20191130_p4rb2sbJ2kuiVEK-8_8gXA_1575103497_22.csv,(1525x51)(1811x337),1.505
/home/itec/philipp/nobackup/fn-new-videos/Mufffinz/20191130_qONTrtE_VkmWsaWg1YZDuA_1575151268.mp4,12,03:35:13,03:38:24,0,100,0,00:03:11,round-20191130_qONTrtE_VkmWsaWg1YZDuA_1575151268_12.csv,(1513x49)(1799x335),0.997
/home/itec/philipp/nobackup/fn-new-videos/Mufffinz/20191203_zu4WUaIof0OHhWjopbaFRg_1575389889.mp4,7,01:58:29,02:10:47,0,100,0,00:12:18,round-20191203_zu4WUaIof0OHhWjopbaFRg_1575389889_7.csv,(1517x48)(1803x334),1
/home/itec/philipp/nobackup/fn-new-videos/Dobeyy/20191130_p4rb2sbJ2kuiVEK-8_8gXA_1575103497.mp4,23,05:56:11,06:08:24,0,100,0,00:12:13,round-20191130_p4rb2sbJ2kuiVEK-8_8gXA_1575103497_23.csv,(1525x51)(1811x337),1.505
/home/itec/philipp/nobackup/fn-new-videos/Mufffinz/20191209_Yl4LrLk8x0-sCBJ5syUPlw_1575874178.mp4,7,01:48:01,01:59:27,0,100,0,00:11:26,round-20191209_Yl4LrLk8x0-sCBJ5syUPlw_1575874178_7.csv,(1528x50)(1814x336),1.007
/home/itec/philipp/nobackup/fn-new-videos/Dobeyy/20191206_oSWbDRrlGkWHUy03GsJJ0w_1575616115.mp4,31,06:42:38,07:05:43,0,100,0,00:23:05,round-20191206_oSWbDRrlGkWHUy03GsJJ0w_1575616115_31.csv,(1526x51)(1812x337),1.505
/home/itec/philipp/nobackup/fn-new-videos/Dobeyy/20191130_p4rb2sbJ2kuiVEK-8_8gXA_1575103497.mp4,24,06:15:25,06:19:04,0,100,0,00:03:39,round-20191130_p4rb2sbJ2kuiVEK-8_8gXA_1575103497_24.csv,(1525x51)(1811x337),1.505
/home/itec/philipp/nobackup/fn-new-videos/Mufffinz/20191210_QjvNrb9M7kCG1Nxh1yqXng_1576005552.mp4,10,02:06:12,02:28:10,0,100,0,00:21:58,round-20191210_QjvNrb9M7kCG1Nxh1yqXng_1576005552_10.csv,(1528x50)(1814x336),1.007
/home/itec/philipp/nobackup/fn-new-videos/Mufffinz/20191204_PhtOidhlP0muIdN_nVjE6w_1575484448.mp4,13,02:24:21,02:25:53,0,100,0,00:01:32,round-20191204_PhtOidhlP0muIdN_nVjE6w_1575484448_13.csv,(1522x49)(1808x335),1.004
/home/itec/philipp/nobackup/fn-new-videos/Dobeyy/20191130_p4rb2sbJ2kuiVEK-8_8gXA_1575103497.mp4,25,06:21:36,06:23:24,0,100,0,00:01:48,round-20191130_p4rb2sbJ2kuiVEK-8_8gXA_1575103497_25.csv,(1525x51)(1811x337),1.505
/home/itec/philipp/nobackup/fn-new-videos/Dobeyy/20191206_oSWbDRrlGkWHUy03GsJJ0w_1575616115.mp4,32,07:09:29,07:23:13,0,100,0,00:13:44,round-20191206_oSWbDRrlGkWHUy03GsJJ0w_1575616115_32.csv,(1526x51)(1812x337),1.505
/home/itec/philipp/nobackup/fn-new-videos/Dobeyy/20191206_oSWbDRrlGkWHUy03GsJJ0w_1575616115.mp4,33,07:27:29,07:29:25,0,100,0,00:01:56,round-20191206_oSWbDRrlGkWHUy03GsJJ0w_1575616115_33.csv,(1526x51)(1812x337),1.505
/home/itec/philipp/nobackup/fn-new-videos/Mufffinz/20191203_zu4WUaIof0OHhWjopbaFRg_1575389889.mp4,8,02:12:36,02:30:16,0,100,0,00:17:40,round-20191203_zu4WUaIof0OHhWjopbaFRg_1575389889_8.csv,(1517x48)(1803x334),1
/home/itec/philipp/nobackup/fn-new-videos/Mufffinz/20191204_PhtOidhlP0muIdN_nVjE6w_1575484448.mp4,14,02:32:34,02:45:47,0,100,0,00:13:13,round-20191204_PhtOidhlP0muIdN_nVjE6w_1575484448_14.csv,(1522x49)(1808x335),1.004
/home/itec/philipp/nobackup/fn-new-videos/Mufffinz/20191209_Yl4LrLk8x0-sCBJ5syUPlw_1575874178.mp4,8,02:00:42,02:17:08,0,100,0,00:16:26,round-20191209_Yl4LrLk8x0-sCBJ5syUPlw_1575874178_8.csv,(1528x50)(1814x336),1.007
/home/itec/philipp/nobackup/fn-new-videos/Mufffinz/20191209_Yl4LrLk8x0-sCBJ5syUPlw_1575874178.mp4,9,02:18:48,02:23:42,0,100,0,00:04:54,round-20191209_Yl4LrLk8x0-sCBJ5syUPlw_1575874178_9.csv,(1528x50)(1814x336),1.007
/home/itec/philipp/nobackup/fn-new-videos/Mufffinz/20191204_PhtOidhlP0muIdN_nVjE6w_1575484448.mp4,15,02:47:53,03:02:00,0,100,0,00:14:07,round-20191204_PhtOidhlP0muIdN_nVjE6w_1575484448_15.csv,(1522x49)(1808x335),1.004
/home/itec/philipp/nobackup/fn-new-videos/Dobeyy/20191130_p4rb2sbJ2kuiVEK-8_8gXA_1575103497.mp4,28,06:40:47,06:53:14,0,100,0,00:12:27,round-20191130_p4rb2sbJ2kuiVEK-8_8gXA_1575103497_28.csv,(1525x51)(1811x337),1.505
/home/itec/philipp/nobackup/fn-new-videos/Mufffinz/20191209_Yl4LrLk8x0-sCBJ5syUPlw_1575874178.mp4,10,02:25:31,02:45:24,0,100,0,00:19:53,round-20191209_Yl4LrLk8x0-sCBJ5syUPlw_1575874178_10.csv,(1528x50)(1814x336),1.007
/home/itec/philipp/nobackup/fn-new-videos/Mufffinz/20191204_PhtOidhlP0muIdN_nVjE6w_1575484448.mp4,16,03:26:33,03:40:53,0,100,0,00:14:20,round-20191204_PhtOidhlP0muIdN_nVjE6w_1575484448_16.csv,(1522x49)(1808x335),1.004
/home/itec/philipp/nobackup/fn-new-videos/Mufffinz/20191209_Yl4LrLk8x0-sCBJ5syUPlw_1575874178.mp4,11,02:47:07,02:58:23,0,100,0,00:11:16,round-20191209_Yl4LrLk8x0-sCBJ5syUPlw_1575874178_11.csv,(1528x50)(1814x336),1.007
/home/itec/philipp/nobackup/fn-new-videos/Mufffinz/20191204_PhtOidhlP0muIdN_nVjE6w_1575484448.mp4,17,03:43:00,03:54:50,0,100,0,00:11:50,round-20191204_PhtOidhlP0muIdN_nVjE6w_1575484448_17.csv,(1522x49)(1808x335),1.004
/home/itec/philipp/nobackup/fn-new-videos/Dobeyy/20191130_p4rb2sbJ2kuiVEK-8_8gXA_1575103497.mp4,32,07:41:04,07:42:19,0,100,0,00:01:15,round-20191130_p4rb2sbJ2kuiVEK-8_8gXA_1575103497_32.csv,(1525x51)(1811x337),1.505
/home/itec/philipp/nobackup/fn-new-videos/Mufffinz/20191204_PhtOidhlP0muIdN_nVjE6w_1575484448.mp4,19,04:00:15,04:10:11,0,100,0,00:09:56,round-20191204_PhtOidhlP0muIdN_nVjE6w_1575484448_19.csv,(1522x49)(1808x335),1.004
/home/itec/philipp/nobackup/fn-new-videos/Dobeyy/20191130_p4rb2sbJ2kuiVEK-8_8gXA_1575103497.mp4,33,07:44:03,08:06:07,0,100,0,00:22:04,round-20191130_p4rb2sbJ2kuiVEK-8_8gXA_1575103497_33.csv,(1525x51)(1811x337),1.505
/home/itec/philipp/nobackup/fn-new-videos/Mufffinz/20191204_PhtOidhlP0muIdN_nVjE6w_1575484448.mp4,20,04:12:17,04:13:37,0,100,0,00:01:20,round-20191204_PhtOidhlP0muIdN_nVjE6w_1575484448_20.csv,(1522x49)(1808x335),1.004
/home/itec/philipp/nobackup/fn-new-videos/Mufffinz/20191204_PhtOidhlP0muIdN_nVjE6w_1575484448.mp4,21,04:16:26,04:22:53,0,100,0,00:06:27,round-20191204_PhtOidhlP0muIdN_nVjE6w_1575484448_21.csv,(1522x49)(1808x335),1.004
